mnz,pob
6300110000000000000000,1712
6300110000000000010113,74
6300110000000000010114,71
6300110000000000010115,124
6300110000000000010116,79
6300110000000000010117,86
6300110000000000010118,100
6300110000000000010119,92
6300110000000000010120,96
6300110000000000010121,65
6300110000000000010122,44
6300110000000000010123,67
6300110000000000010124,26
6300110000000000010127,84
6300110000000000010129,48
6300110000000000010131,201
6300110000000000010138,117
6300110000000000010139,65
6300110000000000010140,93
6300110000000000010141,83
6300110000000000010143,47
6300110000000000010145,59
6300110000000000010146,49
6300110000000000010147,77
6300110000000000010148,33
6300110000000000010153,127
6300110000000000010154,219
6300110000000000010157,0
6300110000000000010203,91
6300110000000000010205,114
6300110000000000010206,101
6300110000000000010209,141
6300110000000000010212,56
6300110000000000010214,147
6300110000000000010215,57
6300110000000000010219,98
6300110000000000010224,416
6300110000000000010225,48
6300110000000000010226,44
6300110000000000010227,71
6300110000000000010228,158
6300110000000000010229,79
6300110000000000010231,49
6300110000000000010232,45
6300110000000000010233,38
6300110000000000010234,82
6300110000000000010235,85
6300110000000000010236,74
6300110000000000010301,20
6300110000000000010303,61
6300110000000000010304,58
6300110000000000010305,57
6300110000000000010306,47
6300110000000000010307,55
6300110000000000010308,29
6300110000000000010309,68
6300110000000000010310,79
6300110000000000010311,76
6300110000000000010312,106
6300110000000000010313,111
6300110000000000010314,55
6300110000000000010315,87
6300110000000000010316,58
6300110000000000010317,126
6300110000000000010318,63
6300110000000000010320,56
6300110000000000010321,195
6300110000000000010322,0
6300110000000000010323,29
6300110000000000010324,42
6300110000000000010325,40
6300110000000000010326,110
6300110000000000010327,22
6300110000000000010328,86
6300110000000000010329,100
6300110000000000010330,68
6300110000000000010331,1759
6300110000000000010332,687
6300110000000000010333,536
6300110000000000010334,145
6300110000000000010335,97
6300110000000000010336,30
6300110000000000010337,61
6300110000000000010338,23
6300110000000000010339,18
6300110000000000010403,23
6300110000000000010404,122
6300110000000000010406,259
6300110000000000010407,70
6300110000000000010410,91
6300110000000000010411,143
6300110000000000010414,105
6300110000000000010415,48
6300110000000000010418,103
6300110000000000010430,54
6300110000000000010431,47
6300110000000000010432,44
6300110000000000010439,58
6300110000000000010440,88
6300110000000000010441,67
6300110000000000010442,63
6300110000000000010450,67
6300110000000000010451,102
6300110000000000010452,104
6300110000000000010453,101
6300110000000000010454,93
6300110000000000010455,360
6300110000000000010456,94
6300110000000000010457,47
6300110000000000010502,140
6300110000000000010503,53
6300110000000000010504,62
6300110000000000010505,56
6300110000000000010506,59
6300110000000000010507,52
6300110000000000010508,53
6300110000000000010509,34
6300110000000000010510,57
6300110000000000010511,69
6300110000000000010512,32
6300110000000000010521,58
6300110000000000010522,73
6300110000000000010523,103
6300110000000000010524,66
6300110000000000010601,58
6300110000000000010602,71
6300110000000000010603,51
6300110000000000010604,79
6300110000000000010605,84
6300110000000000010606,74
6300110000000000010607,50
6300110000000000010616,72
6300110000000000010617,87
6300110000000000010618,72
6300110000000000010620,95
6300110000000000010621,92
6300110000000000010622,20
6300110000000000010623,10
6300110000000000010626,41
6300110000000000010627,113
6300110000000000010629,41
6300110000000000010630,51
6300110000000000010631,38
6300110000000000010632,90
6300110000000000010633,104
6300110000000000010635,73
6300110000000000010636,80
6300110000000000010637,87
6300110000000000010638,53
6300110000000000010639,57
6300110000000000010640,101
6300110000000000010642,41
6300110000000000010643,24
6300110000000000010644,41
6300110000000000010645,30
6300110000000000010646,55
6300110000000000010647,38
6300110000000000010648,23
6300110000000000010649,24
6300110000000000010650,15
6300110000000000010901,95
6300110000000000010902,71
6300110000000000010903,63
6300110000000000010904,48
6300110000000000010905,26
6300110000000000010907,129
6300110000000000010908,109
6300110000000000010909,113
6300110000000000010910,102
6300110000000000010911,105
6300110000000000010912,87
6300110000000000010913,103
6300110000000000010915,93
6300110000000000010916,93
6300110000000000010917,45
6300110000000000010918,56
6300110000000000010919,40
6300110000000000010920,43
6300110000000000010921,98
6300110000000000010922,57
6300110000000000010923,33
6300110000000000010924,68
6300110000000000010925,56
6300110000000000010926,177
6300110000000000010927,30
6300110000000000010928,25
6300110000000000010929,56
6300110000000000010930,73
6300110000000000010931,141
6300110000000000011001,105
6300110000000000011002,122
6300110000000000011003,114
6300110000000000011004,117
6300110000000000011005,115
6300110000000000011006,129
6300110000000000011007,109
6300110000000000011008,127
6300110000000000011009,157
6300110000000000011010,133
6300110000000000011011,80
6300110000000000011012,101
6300110000000000011013,108
6300110000000000011014,112
6300110000000000011015,140
6300110000000000011016,86
6300110000000000011017,122
6300110000000000011018,119
6300110000000000011019,107
6300110000000000011020,127
6300110000000000011101,146
6300110000000000011102,67
6300110000000000011103,108
6300110000000000011104,108
6300110000000000011105,103
6300110000000000011106,125
6300110000000000011107,102
6300110000000000011108,101
6300110000000000011109,119
6300110000000000011110,113
6300110000000000011111,70
6300110000000000011112,129
6300110000000000011113,126
6300110000000000011114,78
6300110000000000011115,90
6300110000000000011116,115
6300110000000000011117,100
6300110000000000011118,133
6300110000000000011119,62
6300110000000000011120,132
6300110000000000011121,57
6300110000000000011122,74
6300110000000000011123,84
6300110000000000011124,58
6300110000000000011125,65
6300110000000000011126,69
6300110000000000011127,70
6300110000000000011128,73
6300110000000000011129,55
6300110000000000011131,72
6300110000000000011132,96
6300110000000000011133,86
6300110000000000011134,50
6300110000000000011135,49
6300110000000000011138,9
6300110000000000011139,24
6300110000000000020101,110
6300110000000000020104,72
6300110000000000020105,65
6300110000000000020109,85
6300110000000000020110,70
6300110000000000020112,92
6300110000000000020114,148
6300110000000000020115,69
6300110000000000020117,93
6300110000000000020120,51
6300110000000000020121,85
6300110000000000020123,43
6300110000000000020124,107
6300110000000000020125,47
6300110000000000020126,35
6300110000000000020127,72
6300110000000000020128,39
6300110000000000020130,21
6300110000000000020131,37
6300110000000000020132,31
6300110000000000020133,91
6300110000000000020134,78
6300110000000000020135,65
6300110000000000020136,41
6300110000000000020137,26
6300110000000000020138,73
6300110000000000020139,344
6300110000000000020202,20
6300110000000000020203,55
6300110000000000020204,75
6300110000000000020205,98
6300110000000000020206,109
6300110000000000020208,109
6300110000000000020210,73
6300110000000000020211,39
6300110000000000020212,99
6300110000000000020213,91
6300110000000000020214,69
6300110000000000020215,23
6300110000000000020217,102
6300110000000000020218,52
6300110000000000020219,45
6300110000000000020229,28
6300110000000000020233,683
6300110000000000020237,77
6300110000000000020240,20
6300110000000000020241,25
6300110000000000020242,72
6300110000000000020243,67
6300110000000000020246,108
6300110000000000020248,105
6300110000000000020249,0
6300110000000000020250,26
6300110000000000020302,132
6300110000000000020303,59
6300110000000000020304,36
6300110000000000020305,27
6300110000000000020306,45
6300110000000000020307,57
6300110000000000020308,63
6300110000000000020309,63
6300110000000000020311,55
6300110000000000020312,74
6300110000000000020313,57
6300110000000000020314,51
6300110000000000020315,66
6300110000000000020317,49
6300110000000000020318,71
6300110000000000020319,58
6300110000000000020320,49
6300110000000000020321,55
6300110000000000020322,35
6300110000000000020323,38
6300110000000000020324,21
6300110000000000020325,19
6300110000000000020326,68
6300110000000000020402,30
6300110000000000020403,48
6300110000000000020404,55
6300110000000000020405,50
6300110000000000020406,77
6300110000000000020407,79
6300110000000000020408,56
6300110000000000020409,25
6300110000000000020410,39
6300110000000000020412,60
6300110000000000020413,17
6300110000000000020415,92
6300110000000000020416,12
6300110000000000020502,55
6300110000000000020505,33
6300110000000000020506,27
6300110000000000020507,35
6300110000000000020508,36
6300110000000000020509,33
6300110000000000020510,29
6300110000000000020511,47
6300110000000000020512,48
6300110000000000020513,10
6300110000000000020514,41
6300110000000000020515,52
6300110000000000020516,49
6300110000000000020517,113
6300110000000000020518,82
6300110000000000020521,66
6300110000000000020522,72
6300110000000000020523,23
6300110000000000020608,61
6300110000000000020609,58
6300110000000000020610,58
6300110000000000020625,44
6300110000000000020628,34
6300110000000000020630,19
6300110000000000020633,28
6300110000000000020634,20
6300110000000000020635,15
6300110000000000020636,34
6300110000000000020637,15
6300110000000000020638,0
6300110000000000020639,24
6300110000000000020640,26
6300110000000000020641,29
6300110000000000020642,30
6300110000000000020643,58
6300110000000000020645,0
6300110000000000020647,77
6300110000000000020648,42
6300110000000000020649,45
6300110000000000030101,85
6300110000000000030102,105
6300110000000000030105,80
6300110000000000030106,45
6300110000000000030107,56
6300110000000000030109,85
6300110000000000030114,53
6300110000000000030115,128
6300110000000000030117,47
6300110000000000030119,117
6300110000000000030122,64
6300110000000000030124,40
6300110000000000030125,123
6300110000000000030126,23
6300110000000000030202,24
6300110000000000030203,73
6300110000000000030204,31
6300110000000000030205,34
6300110000000000030206,55
6300110000000000030207,59
6300110000000000030208,54
6300110000000000030209,71
6300110000000000030210,80
6300110000000000030211,29
6300110000000000030212,22
6300110000000000030213,62
6300110000000000030218,44
6300110000000000030220,94
6300110000000000030221,164
6300110000000000030222,61
6300110000000000030223,131
6300110000000000030224,80
6300110000000000030226,39
6300110000000000030227,22
6300110000000000030228,37
6300110000000000030229,22
6300110000000000030230,0
6300110000000000030231,17
6300110000000000030232,22
6300110000000000030233,15
6300110000000000030234,27
6300110000000000030309,46
6300110000000000030311,42
6300110000000000030313,48
6300110000000000030315,81
6300110000000000030321,57
6300110000000000030323,42
6300110000000000030324,49
6300110000000000030325,21
6300110000000000030338,16
6300110000000000030339,71
6300110000000000030340,48
6300110000000000030341,49
6300110000000000030343,42
6300110000000000030344,24
6300110000000000030345,8
6300110000000000030346,28
6300110000000000030347,21
6300110000000000030348,42
6300110000000000030349,68
6300110000000000030350,72
6300110000000000030351,30
6300110000000000030352,77
6300110000000000030353,42
6300110000000000030354,78
6300110000000000030501,37
6300110000000000030502,34
6300110000000000030503,61
6300110000000000030504,40
6300110000000000030506,58
6300110000000000030507,47
6300110000000000030509,46
6300110000000000030513,34
6300110000000000030514,38
6300110000000000030515,30
6300110000000000030516,47
6300110000000000030518,30
6300110000000000030520,56
6300110000000000030524,31
6300110000000000030526,32
6300110000000000030527,49
6300110000000000030528,40
6300110000000000030529,71
6300110000000000030530,45
6300110000000000030531,48
6300110000000000030702,67
6300110000000000030703,59
6300110000000000030704,70
6300110000000000030705,72
6300110000000000030709,44
6300110000000000030711,124
6300110000000000030712,101
6300110000000000030713,51
6300110000000000030714,61
6300110000000000030718,153
6300110000000000030722,33
6300110000000000030723,25
6300110000000000030724,43
6300110000000000030802,97
6300110000000000030803,33
6300110000000000030804,46
6300110000000000030805,0
6300110000000000030806,64
6300110000000000030807,98
6300110000000000030808,123
6300110000000000030810,33
6300110000000000030811,72
6300110000000000030813,26
6300110000000000030814,82
6300110000000000030815,65
6300110000000000030816,64
6300110000000000030817,80
6300110000000000030818,59
6300110000000000030820,28
6300110000000000030821,29
6300110000000000030826,54
6300110000000000030827,61
6300110000000000030829,55
6300110000000000030833,106
6300110000000000030834,133
6300110000000000030835,126
6300110000000000030836,94
6300110000000000030837,99
6300110000000000030840,53
6300110000000000030841,41
6300110000000000030842,72
6300110000000000030843,17
6300110000000000030844,33
6300110000000000030846,41
6300110000000000030901,94
6300110000000000030903,87
6300110000000000030904,48
6300110000000000030905,56
6300110000000000030906,53
6300110000000000030907,37
6300110000000000030909,46
6300110000000000030912,46
6300110000000000030913,59
6300110000000000030914,148
6300110000000000030915,47
6300110000000000030916,26
6300110000000000030918,18
6300110000000000030919,30
6300110000000000040101,81
6300110000000000040118,45
6300110000000000040120,73
6300110000000000040121,65
6300110000000000040122,77
6300110000000000040123,71
6300110000000000040124,53
6300110000000000040125,24
6300110000000000040126,49
6300110000000000040127,65
6300110000000000040128,62
6300110000000000040129,67
6300110000000000040135,81
6300110000000000040136,24
6300110000000000040137,52
6300110000000000040138,62
6300110000000000040139,72
6300110000000000040140,86
6300110000000000040141,87
6300110000000000040143,45
6300110000000000040145,0
6300110000000000040147,133
6300110000000000040149,232
6300110000000000040206,107
6300110000000000040208,79
6300110000000000040211,112
6300110000000000040212,17
6300110000000000040213,80
6300110000000000040214,49
6300110000000000040216,58
6300110000000000040226,50
6300110000000000040227,52
6300110000000000040228,69
6300110000000000040231,40
6300110000000000040232,53
6300110000000000040233,54
6300110000000000040234,53
6300110000000000040235,20
6300110000000000040236,8
6300110000000000040237,57
6300110000000000040238,51
6300110000000000040239,62
6300110000000000040241,54
6300110000000000040242,20
6300110000000000040243,39
6300110000000000040244,39
6300110000000000040245,33
6300110000000000040306,143
6300110000000000040307,64
6300110000000000040311,97
6300110000000000040312,70
6300110000000000040313,96
6300110000000000040314,122
6300110000000000040315,62
6300110000000000040316,74
6300110000000000040318,20
6300110000000000040320,41
6300110000000000040321,37
6300110000000000040325,63
6300110000000000040326,186
6300110000000000040327,74
6300110000000000040328,57
6300110000000000050101,59
6300110000000000050102,57
6300110000000000050103,56
6300110000000000050104,64
6300110000000000050105,49
6300110000000000050108,52
6300110000000000050109,71
6300110000000000050110,49
6300110000000000050111,79
6300110000000000050113,49
6300110000000000050114,61
6300110000000000050115,62
6300110000000000050121,14
6300110000000000050124,66
6300110000000000050125,11
6300110000000000050129,10
6300110000000000050130,144
6300110000000000050131,135
6300110000000000050132,29
6300110000000000050133,67
6300110000000000050205,64
6300110000000000050207,71
6300110000000000050208,82
6300110000000000050209,135
6300110000000000050210,62
6300110000000000050212,65
6300110000000000050213,97
6300110000000000050214,46
6300110000000000050216,76
6300110000000000050217,40
6300110000000000050218,84
6300110000000000050220,95
6300110000000000050222,50
6300110000000000050223,38
6300110000000000050228,86
6300110000000000050230,48
6300110000000000050231,35
6300110000000000050232,30
6300110000000000050233,50
6300110000000000050234,58
6300110000000000050235,25
6300110000000000060120,29
6300110000000000060121,41
6300110000000000060122,174
6300110000000000060126,27
6300110000000000060127,13
6300110000000000060201,0
6300110000000000060206,77
6300110000000000060207,77
6300110000000000060208,77
6300110000000000060209,51
6300110000000000060210,65
6300110000000000060211,55
6300110000000000060212,54
6300110000000000060213,93
6300110000000000060214,45
6300110000000000060215,58
6300110000000000060309,54
6300110000000000060312,47
6300110000000000060313,45
6300110000000000060320,20
6300110000000000060321,17
6300110000000000060322,26
6300110000000000060323,42
6300110000000000060324,20
6300110000000000060325,42
6300110000000000060326,37
6300110000000000060327,16
6300110000000000060332,26
6300110000000000060333,45
6300110000000000060334,54
6300110000000000060335,38
6300110000000000060336,43
6300110000000000060337,99
6300110000000000060338,20
6300110000000000060340,57
6300110000000000060341,34
6300110000000000060344,62
6300110000000000060346,15
6300110000000000060347,67
6300110000000000060348,6
6300110000000000060350,380
6300110000000000060402,84
6300110000000000060407,166
6300110000000000060408,45
6300110000000000060409,30
6300110000000000060410,25
6300110000000000060411,40
6300110000000000060412,19
6300110000000000060413,65
6300110000000000060501,122
6300110000000000060502,55
6300110000000000060503,71
6300110000000000060504,104
6300110000000000060505,126
6300110000000000060506,89
6300110000000000060507,88
6300110000000000060508,88
6300110000000000060509,104
6300110000000000060510,100
6300110000000000060511,106
6300110000000000060512,118
6300110000000000060513,100
6300110000000000060514,53
6300110000000000060515,95
6300110000000000060516,50
6300110000000000060517,83
6300110000000000060518,82
6300110000000000060520,28
6300110000000000060521,30
6300110000000000060522,62
6300110000000000060523,32
6300110000000000060524,38
6300110000000000060525,32
6300110000000000060526,130
6300110000000000060528,93
6300110000000000060529,113
6300110000000000060530,37
6300110000000000060531,56
6300110000000000060532,40
6300110000000000060533,113
6300110000000000060534,98
6300110000000000060601,96
6300110000000000060603,55
6300110000000000060604,64
6300110000000000060605,134
6300110000000000060606,40
6300110000000000060608,22
6300110000000000060609,90
6300110000000000060610,96
6300110000000000060611,91
6300110000000000060612,71
6300110000000000060613,152
6300110000000000060614,87
6300110000000000060615,100
6300110000000000060616,73
6300110000000000060617,36
6300110000000000060618,75
6300110000000000060621,85
6300110000000000060622,133
6300110000000000060623,97
6300110000000000060624,99
6300110000000000060625,99
6300110000000000060701,105
6300110000000000060702,18
6300110000000000060703,20
6300110000000000060704,95
6300110000000000060705,93
6300110000000000060706,20
6300110000000000060707,42
6300110000000000060708,78
6300110000000000060709,96
6300110000000000060710,55
6300110000000000060711,53
6300110000000000060712,77
6300110000000000060713,96
6300110000000000060714,37
6300110000000000060715,28
6300110000000000060716,26
6300110000000000060717,83
6300110000000000060718,34
6300110000000000060719,30
6300110000000000060720,92
6300110000000000060722,0
6300110000000000060723,87
6300110000000000070204,138
6300110000000000070207,115
6300110000000000070208,75
6300110000000000070209,33
6300110000000000070210,104
6300110000000000070211,141
6300110000000000070212,109
6300110000000000070213,133
6300110000000000070214,136
6300110000000000070215,152
6300110000000000070216,130
6300110000000000070217,164
6300110000000000070218,92
6300110000000000070221,124
6300110000000000070223,155
6300110000000000070225,44
6300110000000000070227,7
6300110000000000070228,32
6300110000000000070229,86
6300110000000000070301,45
6300110000000000070302,87
6300110000000000070303,87
6300110000000000070305,132
6300110000000000070306,90
6300110000000000070307,98
6300110000000000070308,81
6300110000000000070309,143
6300110000000000070310,139
6300110000000000070311,40
6300110000000000070312,99
6300110000000000070313,125
6300110000000000070314,129
6300110000000000070318,55
6300110000000000070322,95
6300110000000000070323,26
6300110000000000070324,92
6300110000000000070401,0
6300110000000000070402,64
6300110000000000070403,15
6300110000000000070404,54
6300110000000000070405,48
6300110000000000070406,53
6300110000000000070407,70
6300110000000000070408,62
6300110000000000070409,58
6300110000000000070413,0
6300110000000000070501,0
6300110000000000070504,20
6300110000000000070507,52
6300110000000000070509,297
6300110000000000070519,21
6300110000000000070520,12
6300110000000000070521,13
6300110000000000070522,12
6300110000000000070523,44
6300110000000000070524,14
6300110000000000070525,10
6300110000000000070526,49
6300110000000000070529,21
6300110000000000070612,94
6300110000000000070613,80
6300110000000000070614,28
6300110000000000070615,45
6300110000000000070616,100
6300110000000000070617,66
6300110000000000070626,27
6300110000000000070627,0
6300110000000000070628,31
6300110000000000070629,58
6300110000000000070630,59
6300110000000000070631,77
6300110000000000070632,53
6300110000000000070633,33
6300110000000000070634,40
6300110000000000070635,79
6300110000000000070636,65
6300110000000000070637,24
6300110000000000070638,49
6300110000000000070639,47
6300110000000000070641,48
6300110000000000070642,59
6300110000000000070643,0
6300110000000000070701,73
6300110000000000070702,24
6300110000000000070703,0
6300110000000000070704,11
6300110000000000070707,83
6300110000000000070708,38
6300110000000000080101,21
6300110000000000080105,119
6300110000000000080113,110
6300110000000000080114,32
6300110000000000080117,397
6300110000000000080120,59
6300110000000000080128,132
6300110000000000080129,65
6300110000000000080130,145
6300110000000000080131,48
6300110000000000080132,44
6300110000000000080135,51
6300110000000000080138,40
6300110000000000080139,80
6300110000000000080140,55
6300110000000000080141,356
6300110000000000080143,45
6300110000000000090102,23
6300110000000000090103,21
6300110000000000090104,64
6300110000000000090105,92
6300110000000000090106,27
6300110000000000090107,28
6300110000000000090108,40
6300110000000000090110,51
6300110000000000090111,36
6300110000000000090112,14
6300110000000000090113,18
6300110000000000090122,32
6300110000000000090123,80
6300110000000000090132,168
6300110000000000090133,395
6300110000000000090134,57
6300110000000000090135,104
6300110000000000090145,126
6300110000000000090146,29
6300110000000000090147,180
6300110000000000090148,14
6300110000000000090201,42
6300110000000000090202,87
6300110000000000090203,181
6300110000000000090204,53
6300110000000000090205,65
6300110000000000090206,97
6300110000000000090207,65
6300110000000000090208,88
6300110000000000090209,111
6300110000000000090213,89
6300110000000000090214,96
6300110000000000090218,10
6300110000000000100104,67
6300110000000000100105,44
6300110000000000100108,62
6300110000000000100109,103
6300110000000000100112,39
6300110000000000100113,108
6300110000000000100118,41
6300110000000000100119,183
6300110000000000100121,21
6300110000000000100123,120
6300110000000000100124,100
6300110000000000100125,79
6300110000000000100126,94
6300110000000000100127,31
6300110000000000100128,67
6300110000000000100130,68
6300110000000000100131,14
6300110000000000110106,124
6300110000000000110107,67
6300110000000000110108,40
6300110000000000110109,145
6300110000000000110110,104
6300110000000000110112,147
6300110000000000110113,127
6300110000000000110114,145
6300110000000000110207,50
6300110000000000110208,66
6300110000000000110212,190
6300110000000000110213,51
6300110000000000110214,50
6300110000000000110215,51
6300110000000000110216,59
6300110000000000110219,55
6300110000000000110225,50
6300110000000000110226,28
6300110000000000110227,40
6300110000000000110243,61
6300110000000000110244,48
6300110000000000110245,41
6300110000000000110246,53
6300110000000000110247,120
6300110000000000110250,65
6300110000000000110251,93
6300110000000000110252,123
6300110000000000110253,61
6300110000000000110301,97
6300110000000000110302,22
6300110000000000110303,68
6300110000000000110304,111
6300110000000000110305,41
6300110000000000110306,40
6300110000000000110307,26
6300110000000000110308,47
6300110000000000110309,53
6300110000000000110310,76
6300110000000000110311,166
6300110000000000110313,28
6300110000000000110315,79
6300110000000000110401,46
6300110000000000110404,59
6300110000000000110405,63
6300110000000000110406,91
6300110000000000110407,0
6300110000000000110408,56
6300110000000000110409,25
6300110000000000110410,73
6300110000000000110411,70
6300110000000000110412,60
6300110000000000110414,49
6300110000000000110415,56
6300110000000000110416,38
6300110000000000110417,11
6300110000000000110418,42
6300110000000000110420,162
6300110000000000110421,34
6300110000000000110422,56
6300110000000000110423,49
6300110000000000110502,15
6300110000000000110503,85
6300110000000000110504,124
6300110000000000110505,75
6300110000000000110506,21
6300110000000000110507,60
6300110000000000110508,86
6300110000000000110509,49
6300110000000000110510,42
6300110000000000110511,51
6300110000000000110512,65
6300110000000000110513,32
6300110000000000110515,63
6300110000000000110516,98
6300110000000000110517,68
6300110000000000110518,49
6300110000000000110519,45
6300110000000000110520,49
6300110000000000110538,26
6300110000000000110546,64
6300110000000000110547,47
6300110000000000110549,10
6300110000000000110550,11
6300110000000000110551,39
6300110000000000110552,69
6300110000000000110553,60
6300110000000000110554,29
6300110000000000110555,50
6300110000000000110557,73
6300110000000000110558,44
6300110000000000110559,13
6300110000000000110560,20
6300110000000000110561,32
6300110000000000110563,18
6300110000000000110564,85
6300110000000000110565,59
6300110000000000110566,101
6300110000000000110567,134
6300110000000000110568,69
6300110000000000110569,50
6300110000000000110570,31
6300110000000000110571,20
6300110000000000110572,41
6300110000000000110573,49
6300110000000000110574,195
6300110000000000110604,53
6300110000000000110605,39
6300110000000000110608,22
6300110000000000110609,20
6300110000000000110611,27
6300110000000000110618,51
6300110000000000110619,109
6300110000000000110620,0
6300110000000000110621,179
6300110000000000110623,28
6300110000000000110624,26
6300110000000000110625,35
6300110000000000120202,83
6300110000000000120203,99
6300110000000000120204,49
6300110000000000120205,111
6300110000000000120206,98
6300110000000000120207,9
6300110000000000120208,28
6300110000000000120209,28
6300110000000000120211,31
6300110000000000120215,27
6300110000000000120301,94
6300110000000000120302,105
6300110000000000120303,18
6300110000000000120304,73
6300110000000000120305,45
6300110000000000120306,78
6300110000000000120307,92
6300110000000000120308,92
6300110000000000120309,94
6300110000000000120310,13
6300110000000000120311,164
6300110000000000120312,131
6300110000000000120313,68
6300110000000000120314,73
6300110000000000120315,65
6300110000000000120401,17
6300110000000000120403,106
6300110000000000120405,105
6300110000000000120406,73
6300110000000000120409,33
6300110000000000120410,53
6300110000000000120412,49
6300110000000000120413,70
6300110000000000120414,51
6300110000000000120416,60
6300110000000000120417,38
6300110000000000120419,168
6300110000000000120420,176
6300110000000000120421,125
6300110000000000120422,96
6300110000000000120423,166
6300110000000000120424,149
6300110000000000120425,135
6300110000000000120426,113
6300110000000000120427,110
6300110000000000120428,84
6300110000000000120430,31
6300110000000000120433,79
6300110000000000120434,126
6300110000000000120435,131
6300110000000000120436,773
6300110000000000120437,179
6300110000000000120438,80
6300110000000000120439,123
6300110000000000120440,11
6300110000000000120441,161
6300110000000000120442,217
6300110000000000120443,85
6300110000000000120444,42
6300110000000000120445,47
6300110000000000120448,103
6300110000000000120449,16
6300110000000000120450,65
6300110000000000120451,0
6300110000000000120502,46
6300110000000000120503,60
6300110000000000120504,43
6300110000000000120506,50
6300110000000000120507,72
6300110000000000120508,86
6300110000000000120511,39
6300110000000000120512,192
6300110000000000120513,25
6300110000000000120515,41
6300110000000000120516,0
6300110000000000120517,95
6300110000000000120601,48
6300110000000000120603,59
6300110000000000120604,70
6300110000000000120605,40
6300110000000000120606,70
6300110000000000120607,65
6300110000000000120608,106
6300110000000000120609,115
6300110000000000120610,50
6300110000000000120612,82
6300110000000000120614,58
6300110000000000120616,45
6300110000000000130103,94
6300110000000000130105,87
6300110000000000130106,126
6300110000000000130107,65
6300110000000000130108,139
6300110000000000130117,1046
6300110000000000130118,108
6300110000000000140106,0
6300110000000000140109,178
6300110000000000140115,143
6300110000000000140116,104
6300110000000000140117,84
6300110000000000140118,97
6300110000000000140119,80
6300110000000000150103,131
6300110000000000150109,107
6300110000000000150110,82
6300110000000000150111,67
6300110000000000150113,119
6300110000000000150114,183
6300110000000000150116,110
6300110000000000150117,127
6300110000000000150118,61
6300110000000000150119,52
6300110000000000150120,53
6300110000000000150121,76
6300110000000000150201,170
6300110000000000150202,187
6300110000000000150203,237
6300110000000000150205,177
6300110000000000150206,195
6300110000000000150207,220
6300110000000000150212,187
6300110000000000150213,67
6300110000000000160118,15
6300110000000000160119,24
6300110000000000160120,24
6300110000000000160121,18
6300110000000000160122,32
6300110000000000160123,32
6300110000000000160136,29
6300110000000000160138,65
6300110000000000160139,20
6300110000000000160141,68
6300110000000000160142,65
6300110000000000160143,44
6300110000000000160144,79
6300110000000000160145,29
6300110000000000160147,12
6300110000000000160148,73
6300110000000000160149,131
6300110000000000160150,48
6300110000000000160152,25
6300110000000000160204,149
6300110000000000160216,53
6300110000000000160222,56
6300110000000000160225,103
6300110000000000160226,72
6300110000000000160230,53
6300110000000000160231,62
6300110000000000160232,73
6300110000000000160233,71
6300110000000000160235,58
6300110000000000160237,63
6300110000000000160239,66
6300110000000000160240,18
6300110000000000160241,74
6300110000000000160242,43
6300110000000000160243,114
6300110000000000160244,38
6300110000000000180102,25
6300110000000000180104,275
6300110000000000180105,8
6300110000000000180106,20
6300110000000000180107,40
6300110000000000180109,61
6300110000000000180110,60
6300110000000000180111,25
6300110000000000180113,20
6300110000000000180114,45
6300110000000000190104,18
6300110000000000190105,14
6300110000000000190106,20
6300110000000000190107,0
6300110000000000190108,91
6300110000000000190109,82
6300110000000000190110,35
6300110000000000190111,35
6300110000000000190112,27
6300110000000000190113,15
6300110000000000190114,117
6300110000000000190118,13
6300110000000000190119,43
6300110000000000190120,253
6300110000000000200101,105
6300110000000000200102,62
6300110000000000200103,78
6300110000000000200105,48
6300110000000000200109,35
6300110000000000200113,63
6300110000000000200115,48
6300110000000000200117,20
6300110000000000200121,97
6300110000000000200122,59
6300110000000000200123,105
6300110000000000200124,161
6300110000000000200125,67
6300110000000000200126,87
6300110000000000200127,11
6300110000000000200128,14
6300110000000000200129,61
6300110000000000200130,82
6300110000000000200131,61
6300110000000000200132,28
6300110000000000210106,16
6300110000000000210107,118
6300110000000000210108,200
6300110000000000210109,32
6300110000000000210202,103
6300110000000000210203,26
6300110000000000210204,34
6300110000000000210205,62
6300110000000000210206,59
6300110000000000210207,74
6300110000000000210208,76
6300110000000000210209,46
6300110000000000210210,57
6300110000000000210211,104
6300110000000000210212,62
6300110000000000210214,125
6300110000000000210216,136
6300110000000000210219,33
6300110000000000210220,40
6300110000000000210221,85
6300110000000000210222,74
6300110000000000210223,86
6300110000000000220102,82
6300110000000000220104,95
6300110000000000220106,140
6300110000000000220107,148
6300110000000000220109,223
6300110000000000220110,44
6300110000000000230104,50
6300110000000000230105,67
6300110000000000230107,32
6300110000000000230113,23
6300110000000000230116,106
6300110000000000230117,306
6300110000000000230118,116
6300110000000000230119,40
6300110000000000230120,133
6300110000000000230122,12
6300110000000000240101,52
6300110000000000240102,52
6300110000000000240103,40
6300110000000000240104,50
6300110000000000240105,44
6300110000000000240106,61
6300110000000000240107,62
6300110000000000240108,84
6300110000000000240109,85
6300110000000000240110,69
6300110000000000240111,70
6300110000000000240113,88
6300110000000000240114,78
6300110000000000240115,68
6300110000000000240116,50
6300110000000000240119,62
6300110000000000240202,104
6300110000000000240203,81
6300110000000000240204,81
6300110000000000240205,62
6300110000000000240206,87
6300110000000000240207,63
6300110000000000240208,59
6300110000000000240209,92
6300110000000000240210,74
6300110000000000240213,48
6300110000000000240214,112
6300110000000000240216,46
6300110000000000240218,42
6300110000000000240219,73
6300110000000000240225,101
6300110000000000240226,51
6300110000000000240228,85
6300110000000000240229,40
6300110000000000240230,64
6300110000000000240231,59
6300110000000000240232,56
6300110000000000240233,30
6300110000000000250102,75
6300110000000000250111,464
6300110000000000250112,136
6300110000000000250113,106
6300110000000000250114,28
6300110000000000250115,49
6300110000000000250116,30
6300110000000000250117,34
6300110000000000250120,33
6300110000000000250121,21
6300110000000000250126,316
6300110000000000250202,97
6300110000000000250203,102
6300110000000000250204,105
6300110000000000250235,48
6300110000000000250236,53
6300110000000000250237,50
6300110000000000250238,23
6300110000000000250239,24
6300110000000000250240,34
6300110000000000250241,32
6300110000000000250242,66
6300110000000000250243,55
6300110000000000250244,26
6300110000000000250245,96
6300110000000000250246,91
6300110000000000250247,17
6300110000000000250306,63
6300110000000000250307,29
6300110000000000250308,60
6300110000000000250309,32
6300110000000000250310,70
6300110000000000250311,76
6300110000000000250312,54
6300110000000000250313,58
6300110000000000250314,47
6300110000000000250315,45
6300110000000000250316,43
6300110000000000250317,57
6300110000000000250318,67
6300110000000000250319,49
6300110000000000250320,29
6300110000000000250321,51
6300110000000000250322,36
6300110000000000250323,50
6300110000000000250324,46
6300110000000000250325,56
6300110000000000250328,59
6300110000000000250402,73
6300110000000000250403,72
6300110000000000250415,44
6300110000000000250416,76
6300110000000000250417,116
6300110000000000250418,111
6300110000000000250419,67
6300110000000000250420,90
6300110000000000250421,20
6300110000000000250422,38
6300110000000000250423,63
6300110000000000250424,46
6300110000000000250425,61
6300110000000000250426,51
6300110000000000250427,23
6300110000000000250428,23
6300110000000000250430,40
6300110000000000250431,86
6300110000000000250432,55
6300110000000000250433,26
6300110000000000250434,23
6300110000000000250435,107
6300110000000000250436,128
6300110000000000250438,81
6300110000000000250440,397
6300110000000000250441,31
6300110000000000250442,35
6300110000000000250443,33
6300110000000000250444,17
6300110000000000250445,49
6300110000000000250446,53
6300110000000000250447,46
6300110000000000250448,0
6300110000000000250449,26
6300110000000000250450,50
6300110000000000250451,32
6300110000000000250452,28
6300110000000000250453,18
6300110000000000250454,58
6300110000000000250455,35
6300110000000000250456,74
6300110000000000250457,53
6300110000000000250458,15
6300110000000000250459,34
6300110000000000250460,93
6300110000000000250461,116
6300110000000000250462,54
6300110000000000250463,72
6300110000000000250464,57
6300110000000000250465,136
6300110000000000250466,37
6300110000000000250468,178
6300110000000000250469,44
6300110000000000260101,89
6300110000000000260106,79
6300110000000000260109,31
6300110000000000260112,48
6300110000000000260134,82
6300110000000000260135,123
6300110000000000260158,77
6300110000000000260162,81
6300110000000000260170,22
6300110000000000260171,96
6300110000000000260172,20
6300110000000000260173,63
6300110000000000260174,16
6300110000000000260175,111
6300110000000000260176,81
6300110000000000260177,56
6300110000000000260178,98
6300110000000000260179,21
6300110000000000260180,37
6300110000000000260182,93
6300110000000000260206,96
6300110000000000260207,55
6300110000000000260210,95
6300110000000000260211,35
6300110000000000260214,41
6300110000000000260215,81
6300110000000000260216,49
6300110000000000260219,139
6300110000000000260220,127
6300110000000000260221,171
6300110000000000260223,38
6300110000000000260224,14
6300110000000000260225,40
6300110000000000260226,48
6300110000000000260227,53
6300110000000000260228,39
6300110000000000260229,67
6300110000000000260230,34
6300110000000000260231,94
6300110000000000260232,117
6300110000000000260233,49
6300110000000000260234,23
6300110000000000260235,495
6300110000000000260236,67
6300110000000000260237,40
6300110000000000260238,57
6300110000000000260307,26
6300110000000000260308,25
6300110000000000260309,49
6300110000000000260310,58
6300110000000000260311,44
6300110000000000260313,17
6300110000000000260314,28
6300110000000000260315,20
6300110000000000260316,17
6300110000000000260317,0
6300110000000000260321,66
6300110000000000260322,119
6300110000000000260323,24
6300110000000000260402,63
6300110000000000260403,57
6300110000000000260404,88
6300110000000000260405,65
6300110000000000260409,120
6300110000000000260410,93
6300110000000000260411,83
6300110000000000260412,83
6300110000000000260413,94
6300110000000000260414,228
6300110000000000260420,69
6300110000000000260421,71
6300110000000000260422,64
6300110000000000270105,17
6300110000000000270110,90
6300110000000000270111,186
6300110000000000270112,255
6300110000000000270113,50
6300110000000000270114,73
6300110000000000280102,94
6300110000000000280103,113
6300110000000000280105,112
6300110000000000280106,67
6300110000000000280107,77
6300110000000000280111,47
6300110000000000280112,17
6300110000000000280122,30
6300110000000000280123,34
6300110000000000280124,51
6300110000000000280125,118
6300110000000000280201,75
6300110000000000280202,86
6300110000000000280203,79
6300110000000000280204,149
6300110000000000280205,78
6300110000000000280206,108
6300110000000000280207,106
6300110000000000280208,87
6300110000000000290105,114
6300110000000000290106,84
6300110000000000290107,132
6300110000000000290108,210
6300110000000000290109,46
6300110000000000290110,99
6300110000000000290111,51
6300110000000000290112,24
6300110000000000290113,108
6300110000000000290116,28
6300110000000000290118,132
6300110000000000300101,68
6300110000000000300102,70
6300110000000000300103,72
6300110000000000300104,69
6300110000000000300105,193
6300110000000000300106,91
6300110000000000300108,29
6300110000000000300109,116
6300110000000000300110,198
6300110000000000300111,143
6300110000000000300112,79
6300110000000000310101,30
6300110000000000310102,215
6300110000000000310104,174
6300110000000000310105,204
6300110000000000310106,185
6300110000000000310107,88
6300110000000000310108,76
6300110000000000310113,67
6300110000000000310114,60
6300110000000000320102,380
6300110000000000320103,319
6300110000000000320105,53
6300110000000000320106,10
6300110000000000320108,210
6300110000000000320109,52
6300110000000000330101,49
6300110000000000330102,82
6300110000000000330103,53
6300110000000000330104,48
6300110000000000330106,70
6300110000000000330107,64
6300110000000000330108,65
6300110000000000330109,55
6300110000000000330110,51
6300110000000000330111,85
6300110000000000330114,76
6300110000000000330115,68
6300110000000000330118,60
6300110000000000330119,36
6300110000000000330121,40
6300110000000000330123,46
6300110000000000330124,95
6300110000000000330125,118
6300110000000000330126,91
6300110000000000330127,71
6300110000000000330132,26
6300110000000000330133,66
6300110000000000330134,48
6300110000000000330135,74
6300110000000000330136,35
6300110000000000330139,48
6300110000000000330201,89
6300110000000000330202,80
6300110000000000330203,59
6300110000000000330204,68
6300110000000000330205,49
6300110000000000330206,27
6300110000000000330207,65
6300110000000000330215,111
6300110000000000330219,16
6300110000000000330220,21
6300110000000000330221,39
6300110000000000330222,70
6300110000000000330223,27
6300110000000000330224,74
6300110000000000330225,31
6300110000000000330226,87
6300110000000000330227,30
6300110000000000330228,75
6300110000000000330233,51
6300110000000000330234,31
6300110000000000330235,18
6300110000000000330301,51
6300110000000000330304,87
6300110000000000330305,80
6300110000000000330306,115
6300110000000000330308,84
6300110000000000330309,72
6300110000000000330310,77
6300110000000000330311,68
6300110000000000330312,65
6300110000000000330319,15
6300110000000000330320,69
6300110000000000330321,71
6300110000000000330322,44
6300110000000000330323,66
6300110000000000330324,69
6300110000000000330330,113
6300110000000000330331,33
6300110000000000330333,45
6300110000000000330334,98
6300110000000000330335,111
6300110000000000330337,32
6300110000000000330338,53
6300110000000000330339,93
6300110000000000330340,30
6300110000000000330341,106
6300110000000000330342,732
6300110000000000330401,119
6300110000000000330402,64
6300110000000000330403,27
6300110000000000330404,23
6300110000000000330405,32
6300110000000000330406,17
6300110000000000330407,44
6300110000000000330408,103
6300110000000000330409,71
6300110000000000330411,90
6300110000000000330412,86
6300110000000000330413,88
6300110000000000330414,83
6300110000000000330415,61
6300110000000000330416,82
6300110000000000330417,61
6300110000000000330418,46
6300110000000000330419,60
6300110000000000330420,28
6300110000000000330421,32
6300110000000000330422,36
6300110000000000330423,32
6300110000000000330424,19
6300110000000000330501,64
6300110000000000330502,73
6300110000000000330503,42
6300110000000000330504,64
6300110000000000330505,64
6300110000000000330506,103
6300110000000000330507,103
6300110000000000330508,77
6300110000000000330509,75
6300110000000000330510,51
6300110000000000330511,31
6300110000000000330512,71
6300110000000000330513,79
6300110000000000330514,55
6300110000000000330515,45
6300110000000000330516,50
6300110000000000330517,70
6300110000000000330518,60
6300110000000000330519,57
6300110000000000330520,49
6300110000000000330604,142
6300110000000000330605,67
6300110000000000330606,92
6300110000000000330607,126
6300110000000000330608,205
6300110000000000330609,166
6300110000000000330610,121
6300110000000000330611,144
6300110000000000330612,50
6300110000000000330614,115
6300110000000000330615,16
6300110000000000330702,88
6300110000000000330703,53
6300110000000000330704,107
6300110000000000330706,21
6300110000000000330707,133
6300110000000000330708,93
6300110000000000330715,108
6300110000000000330717,40
6300110000000000330718,89
6300110000000000330719,104
6300110000000000330720,85
6300110000000000330803,123
6300110000000000330810,68
6300110000000000330811,128
6300110000000000330812,84
6300110000000000330813,49
6300110000000000330814,49
6300110000000000330815,96
6300110000000000330816,105
6300110000000000330817,101
6300110000000000330818,103
6300110000000000330819,56
6300110000000000330820,86
6300110000000000330821,82
6300110000000000330822,126
6300110000000000330823,97
6300110000000000330824,96
6300110000000000330825,62
6300110000000000330826,90
6300110000000000330827,9
6300110000000000330828,65
6300110000000000330830,82
6300110000000000330831,145
6300110000000000330901,66
6300110000000000330902,83
6300110000000000330908,333
6300110000000000330909,69
6300110000000000330910,39
6300110000000000330911,14
6300110000000000330912,49
6300110000000000330916,319
6300110000000000331001,0
6300110000000000331003,47
6300110000000000340102,36
6300110000000000340103,49
6300110000000000340107,46
6300110000000000350101,73
6300110000000000350102,28
6300110000000000350103,73
6300110000000000350104,42
6300110000000000350106,75
6300110000000000350107,69
6300110000000000350108,28
6300110000000000350109,47
6300110000000000350202,52
6300110000000000350204,66
6300110000000000350207,69
6300110000000000350208,57
6300110000000000350209,75
6300110000000000350210,48
6300110000000000350211,252
6300110000000000350216,72
6300110000000000350221,38
6300110000000000350222,98
6300110000000000350226,192
6300110000000000350227,260
6300110000000000350228,24
6300110000000000370108,23
6300110000000000370111,68
6300110000000000370112,66
6300110000000000370113,141
6300110000000000370114,136
6300110000000000370116,18
6300110000000000370122,178
6300110000000000370123,31
6300110000000000370124,356
6300110000000000380102,0
6300110000000000380103,12
6300110000000000380104,24
6300110000000000380105,106
6300110000000000380110,95
6300110000000000380111,56
6300110000000000380112,37
6300110000000000380114,83
6300110000000000390101,44
6300110000000000390106,41
6300110000000000400102,381
6300110000000000400104,22
6300110000000000400105,202
6300110000000000400106,162
6300110000000000400107,142
6300110000000000400108,1394
6300110000000000400202,69
6300110000000000400204,49
6300110000000000400205,91
6300110000000000400206,41
6300110000000000400207,64
6300110000000000400209,133
6300110000000000400210,32
6300110000000000400212,58
6300110000000000410101,347
6300110000000000410104,131
6300110000000000410105,77
6300110000000000410106,152
6300110000000000410107,680
6300110000000000410116,54
6300110000000000410201,160
6300110000000000410202,179
6300110000000000410203,169
6300110000000000410204,133
6300110000000000410205,54
6300110000000000410206,190
6300110000000000410207,125
6300110000000000410208,78
6300110000000000410209,123
6300110000000000410210,105
6300110000000000410211,110
6300110000000000410212,38
6300110000000000410213,102
6300110000000000410215,49
6300110000000000410217,126
6300110000000000410218,230
6300110000000000420102,75
6300110000000000420104,110
6300110000000000420105,87
6300110000000000420106,105
6300110000000000420107,80
6300110000000000420108,80
6300110000000000420121,68
6300110000000000420122,47
6300110000000000420125,41
6300110000000000420126,123
6300110000000000420127,71
6300110000000000420129,34
6300110000000000420130,55
6300110000000000420131,51
6300110000000000420132,115
6300110000000000420133,54
6300110000000000420134,53
6300110000000000420135,24
6300110000000000420136,108
6300110000000000420137,17
6300110000000000420202,100
6300110000000000420203,89
6300110000000000420204,70
6300110000000000420206,112
6300110000000000420208,75
6300110000000000420214,54
6300110000000000420219,137
6300110000000000420223,30
6300110000000000420224,80
6300110000000000420225,84
6300110000000000420226,51
6300110000000000420227,37
6300110000000000420231,181
6300110000000000420233,71
6300110000000000420234,25
6300110000000000420235,24
6300110000000000420236,40
6300110000000000420237,57
6300110000000000420238,30
6300110000000000420240,30
6300110000000000420241,57
6300110000000000420242,79
6300110000000000420243,214
6300110000000000420244,22
6300110000000000420245,46
6300110000000000420246,439
6300110000000000420247,34
6300110000000000420248,28
6300110000000000420702,109
6300110000000000420703,50
6300110000000000420704,61
6300110000000000420705,26
6300110000000000420707,54
6300110000000000420708,138
6300110000000000420709,122
6300110000000000420710,118
6300110000000000420711,33
6300110000000000420712,70
6300110000000000420721,76
6300110000000000420722,92
6300110000000000420723,83
6300110000000000420724,56
6300110000000000420725,46
6300110000000000420726,27
6300110000000000420727,60
6300110000000000420728,116
6300110000000000420729,129
6300110000000000420730,134
6300110000000000420731,67
6300110000000000420732,103
6300110000000000420733,108
6300110000000000420734,110
6300110000000000420735,57
6300110000000000420737,78
6300110000000000420739,41
6300110000000000420740,31
6300110000000000420741,0
6300110000000000420742,59
6300110000000000420743,44
6300110000000000420744,25
6300110000000000420745,37
6300110000000000420749,69
6300110000000000420750,78
6300110000000000420751,31
6300110000000000420752,34
6300110000000000420753,30
6300110000000000420754,43
6300110000000000420755,14
6300110000000000420756,45
6300110000000000420757,47
6300110000000000420758,32
6300110000000000420759,28
6300110000000000420760,28
6300110000000000420761,23
6300110000000000420762,56
6300110000000000420763,40
6300110000000000420764,32
6300110000000000420765,77
6300110000000000420766,146
6300110000000000420767,34
6300110000000000420768,46
6300110000000000420769,17
6300110000000000420770,52
6300110000000000420771,14
6300110000000000420772,50
6300110000000000420804,44
6300110000000000420805,77
6300110000000000420806,93
6300110000000000420807,47
6300110000000000420809,109
6300110000000000420810,94
6300110000000000420811,163
6300110000000000420812,136
6300110000000000420813,93
6300110000000000420814,80
6300110000000000420815,47
6300110000000000420816,96
6300110000000000420817,118
6300110000000000420818,193
6300110000000000420819,133
6300110000000000420838,52
6300110000000000420839,49
6300110000000000420840,39
6300110000000000420841,0
6300110000000000420902,83
6300110000000000420903,57
6300110000000000420904,95
6300110000000000420905,62
6300110000000000420907,29
6300110000000000420908,67
6300110000000000420909,35
6300110000000000420910,20
6300110000000000420913,22
6300110000000000420914,31
6300110000000000420915,70
6300110000000000420916,94
6300110000000000420917,88
6300110000000000420918,86
6300110000000000420919,99
6300110000000000420920,94
6300110000000000430101,62
6300110000000000430105,95
6300110000000000430106,85
6300110000000000430107,108
6300110000000000430108,72
6300110000000000430111,127
6300110000000000430112,69
6300110000000000430113,46
6300110000000000430115,50
6300110000000000430116,73
6300110000000000430118,235
6300110000000000430121,36
6300110000000000430122,111
6300110000000000430124,87
6300110000000000430125,124
6300110000000000430127,21
6300110000000000430128,47
6300110000000000430129,161
6300110000000000430131,92
6300110000000000430132,91
6300110000000000430133,53
6300110000000000430202,79
6300110000000000430204,95
6300110000000000430206,87
6300110000000000430211,28
6300110000000000430213,56
6300110000000000430214,95
6300110000000000430215,79
6300110000000000430314,114
6300110000000000430316,28
6300110000000000430317,89
6300110000000000430318,72
6300110000000000430319,51
6300110000000000430326,117
6300110000000000430328,28
6300110000000000430331,165
6300110000000000430332,32
6300110000000000430334,73
6300110000000000430335,61
6300110000000000430336,49
6300110000000000430337,70
6300110000000000430338,31
6300110000000000430339,101
6300110000000000430340,73
6300110000000000430341,92
6300110000000000430342,36
6300110000000000430401,24
6300110000000000430402,23
6300110000000000430403,21
6300110000000000430404,35
6300110000000000430405,43
6300110000000000430408,37
6300110000000000430410,58
6300110000000000430411,60
6300110000000000430412,136
6300110000000000430415,41
6300110000000000430416,32
6300110000000000430417,34
6300110000000000430418,24
6300110000000000430419,28
6300110000000000430420,27
6300110000000000430421,53
6300110000000000430423,12
6300110000000000430424,38
6300110000000000430425,50
6300110000000000430426,51
6300110000000000430427,44
6300110000000000430428,54
6300110000000000430429,39
6300110000000000430430,48
6300110000000000430431,31
6300110000000000430432,114
6300110000000000430433,39
6300110000000000430435,33
6300110000000000430436,31
6300110000000000430437,17
6300110000000000430438,54
6300110000000000430439,63
6300110000000000430440,59
6300110000000000430441,59
6300110000000000430442,15
6300110000000000430443,12
6300110000000000430444,0
6300110000000000430445,17
6300110000000000430446,169
6300110000000000430502,87
6300110000000000430503,124
6300110000000000430504,124
6300110000000000430509,56
6300110000000000430510,75
6300110000000000430511,47
6300110000000000430512,55
6300110000000000430513,113
6300110000000000430514,150
6300110000000000430515,139
6300110000000000430516,101
6300110000000000430517,109
6300110000000000430518,69
6300110000000000430519,70
6300110000000000430520,31
6300110000000000430521,36
6300110000000000430522,50
6300110000000000430523,40
6300110000000000430524,57
6300110000000000430525,122
6300110000000000430528,52
6300110000000000430529,21
6300110000000000430530,50
6300110000000000430531,42
6300110000000000430532,37
6300110000000000430533,63
6300110000000000440105,48
6300110000000000440106,84
6300110000000000440107,381
6300110000000000440108,131
6300110000000000440109,66
6300110000000000440110,95
6300110000000000440111,77
6300110000000000440113,31
6300110000000000440120,229
6300110000000000440121,0
6300110000000000440123,36
6300110000000000440125,0
6300110000000000440126,134
6300110000000000440127,38
6300110000000000440128,67
6300110000000000440129,52
6300110000000000440130,26
6300110000000000440131,0
6300110000000000440132,16
6300110000000000440202,113
6300110000000000440203,74
6300110000000000440204,362
6300110000000000440206,161
6300110000000000440207,361
6300110000000000440210,160
6300110000000000440211,310
6300110000000000440212,50
6300110000000000440213,56
6300110000000000440214,61
6300110000000000440215,52
6300110000000000440216,25
6300110000000000440218,32
6300110000000000440220,66
6300110000000000440221,66
6300110000000000440222,60
6300110000000000440223,206
6300110000000000440225,53
6300110000000000440301,42
6300110000000000440302,58
6300110000000000440303,54
6300110000000000440304,63
6300110000000000440305,46
6300110000000000440307,54
6300110000000000440308,32
6300110000000000440309,81
6300110000000000440310,58
6300110000000000440313,57
6300110000000000440314,102
6300110000000000440315,67
6300110000000000440316,73
6300110000000000440317,126
6300110000000000440319,0
6300110000000000440322,126
6300110000000000440323,45
6300110000000000440324,28
6300110000000000440325,50
6300110000000000440326,30
6300110000000000450101,120
6300110000000000450102,72
6300110000000000450103,73
6300110000000000450104,114
6300110000000000450105,101
6300110000000000450106,103
6300110000000000450107,110
6300110000000000450108,44
6300110000000000450109,74
6300110000000000450110,15
6300110000000000450111,12
6300110000000000450113,21
6300110000000000450114,75
6300110000000000460101,18
6300110000000000460102,14
6300110000000000460103,15
6300110000000000460104,51
6300110000000000460105,30
6300110000000000460106,16
6300110000000000460109,33
6300110000000000460110,16
6300110000000000460114,29
6300110000000000460116,32
6300110000000000460202,15
6300110000000000460203,42
6300110000000000460204,63
6300110000000000460205,130
6300110000000000460206,45
6300110000000000460207,12
6300110000000000460208,21
6300110000000000460209,68
6300110000000000460210,122
6300110000000000460212,7
6300110000000000460301,43
6300110000000000460302,11
6300110000000000460305,38
6300110000000000460306,58
6300110000000000460307,28
6300110000000000460308,51
6300110000000000460309,18
6300110000000000460310,29
6300110000000000460311,139
6300110000000000460312,28
6300110000000000460401,114
6300110000000000460402,20
6300110000000000460403,22
6300110000000000460404,88
6300110000000000460405,218
6300110000000000460406,100
6300110000000000460408,78
6300110000000000460409,16
6300110000000000460410,60
6300110000000000460411,67
6300110000000000460412,70
6300110000000000460413,99
6300110000000000460415,36
6300110000000000460501,125
6300110000000000460502,85
6300110000000000460503,26
6300110000000000460505,26
6300110000000000460507,106
6300110000000000460511,67
6300110000000000470101,40
6300110000000000470102,41
6300110000000000470104,27
6300110000000000470105,102
6300110000000000470106,92
6300110000000000470107,25
6300110000000000470108,47
6300110000000000470109,32
6300110000000000470111,26
6300110000000000470112,18
6300110000000000470113,48
6300110000000000470114,0
6300110000000000470201,7
6300110000000000470202,11
6300110000000000470204,23
6300110000000000470205,39
6300110000000000470206,67
6300110000000000470207,143
6300110000000000470208,111
6300110000000000470209,161
6300110000000000470210,139
6300110000000000470211,41
6300110000000000470213,46
6300110000000000470214,12
6300110000000000470301,56
6300110000000000470302,84
6300110000000000470303,29
6300110000000000470304,40
6300110000000000470305,101
6300110000000000470306,106
6300110000000000470307,86
6300110000000000470308,104
6300110000000000470309,73
6300110000000000470310,83
6300110000000000470311,56
6300110000000000470312,27
6300110000000000470313,65
6300110000000000470314,81
6300110000000000470401,42
6300110000000000470402,54
6300110000000000470403,66
6300110000000000470404,121
6300110000000000470405,63
6300110000000000470406,131
6300110000000000470407,22
6300110000000000470408,0
6300110000000000470410,89
6300110000000000470412,121
6300110000000000480102,55
6300110000000000480103,197
6300110000000000480104,139
6300110000000000480109,62
6300110000000000480115,93
6300110000000000480117,67
6300110000000000480118,337
6300110000000000480121,79
6300110000000000480122,53
6300110000000000480124,100
6300110000000000480125,34
6300110000000000480126,254
6300110000000000500102,9
6300110000000000500103,12
6300110000000000500104,46
6300110000000000500105,46
6300110000000000500107,440
6300110000000000500119,393
6300110000000000500122,94
6300110000000000500127,127
6300110000000000500128,178
6300110000000000500132,58
6300110000000000500133,162
6300110000000000500134,105
6300110000000000500136,197
6300110000000000500139,153
6300110000000000500141,36
6300110000000000500143,97
6300110000000000500144,22
6300110000000000500145,19
6300110000000000500206,140
6300110000000000500212,51
6300110000000000500218,552
6300110000000000500238,68
6300110000000000500239,365
6300110000000000500241,85
6300110000000000500242,43
6300110000000000500243,498
6300110000000000500244,20
6300110000000000500245,199
6300110000000000500246,135
6300110000000000500247,122
6300110000000000510101,0
6300110000000000510105,294
6300110000000000510109,80
6300110000000000510114,104
6300110000000000510115,49
6300110000000000520101,25
6300110000000000520102,68
6300110000000000520103,28
6300110000000000520104,125
6300110000000000520105,74
6300110000000000520108,89
6300110000000000520110,147
6300110000000000520112,94
6300110000000000520113,84
6300110000000000520114,202
6300110000000000520115,50
6300110000000000530101,94
6300110000000000530102,143
6300110000000000530103,120
6300110000000000530104,47
6300110000000000530105,121
6300110000000000530106,138
6300110000000000530107,141
6300110000000000530108,168
6300110000000000530109,55
6300110000000000530110,13
6300110000000000530201,78
6300110000000000530203,90
6300110000000000530204,44
6300110000000000530205,98
6300110000000000530206,92
6300110000000000530207,107
6300110000000000530208,39
6300110000000000530209,44
6300110000000000530210,133
6300110000000000540101,117
6300110000000000540102,53
6300110000000000540103,48
6300110000000000540104,44
6300110000000000540105,66
6300110000000000540106,32
6300110000000000540107,60
6300110000000000540108,70
6300110000000000540109,62
6300110000000000540110,99
6300110000000000540111,84
6300110000000000540112,125
6300110000000000540202,57
6300110000000000540203,89
6300110000000000540204,49
6300110000000000540205,64
6300110000000000550101,80
6300110000000000550102,61
6300110000000000550103,118
6300110000000000550104,162
6300110000000000550105,171
6300110000000000550106,102
6300110000000000550107,68
6300110000000000550108,56
6300110000000000550109,93
6300110000000000550110,88
6300110000000000560101,106
6300110000000000560102,112
6300110000000000560103,120
6300110000000000560104,96
6300110000000000560105,97
6300110000000000560106,93
6300110000000000560107,334
6300110000000000560108,106
6300110000000000560110,58
6300110000000000560112,39
6300110000000000560113,18
6300110000000000560114,103
6300110000000000560115,116
6300110000000000560117,195
6300110000000000560118,86
6300110000000000560119,69
6300110000000000560201,103
6300110000000000560202,94
6300110000000000560203,204
6300110000000000560207,155
6300110000000000560208,137
6300110000000000560209,134
6300110000000000560210,29
6300110000000000560212,38
6300110000000000560213,46
6300110000000000560214,59
6300110000000000560216,39
6300110000000000560217,135
6300110000000000560218,20
6300110000000000560219,55
6300110000000000560301,32
6300110000000000560302,49
6300110000000000560303,77
6300110000000000560304,70
6300110000000000560305,51
6300110000000000560306,160
6300110000000000570101,110
6300110000000000570102,192
6300110000000000570103,87
6300110000000000570104,79
6300110000000000570105,72
6300110000000000570106,120
6300110000000000570107,46
6300110000000000570108,85
6300110000000000570109,70
6300110000000000570110,114
6300110000000000570111,99
6300110000000000570112,79
6300110000000000570113,110
6300110000000000570201,459
6300110000000000570204,69
6300110000000000570207,115
6300110000000000570208,122
6300110000000000570209,115
6300110000000000570210,84
6300110000000000570211,73
6300110000000000570212,107
6300110000000000570214,87
6300110000000000570215,122
6300110000000000570301,380
6300110000000000570303,117
6300110000000000570304,152
6300110000000000570306,203
6300110000000000570307,86
6300110000000000570310,345
6300110000000000570312,224
6300110000000000570316,276
6300110000000000570317,17
6300110000000000570318,30
6300110000000000570324,231
6300110000000000570325,19
6300110000000000570326,28
6300110000000000570327,82
6300110000000000570328,107
6300110000000000580107,241
6300110000000000580109,63
6300110000000000580111,112
6300110000000000580112,155
6300110000000000580113,57
6300110000000000580116,100
6300110000000000580117,112
6300110000000000580118,46
6300110000000000580120,58
6300110000000000580121,154
6300110000000000580122,0
6300110000000000580123,79
6300110000000000580124,112
6300110000000000580125,68
6300110000000000580129,45
6300110000000000580130,50
6300110000000000580131,39
6300110000000000580133,172
6300110000000000580134,44
6300110000000000580135,250
6300110000000000580136,13
6300110000000000580137,84
6300110000000000580138,16
6300110000000000580140,22
6300110000000000590104,47
6300110000000000590105,43
6300110000000000590106,109
6300110000000000590108,55
6300110000000000590109,122
6300110000000000590110,91
6300110000000000590111,54
6300110000000000590115,118
6300110000000000590123,241
6300110000000000590125,77
6300110000000000590126,37
6300110000000000590127,277
6300110000000000590128,110
6300110000000000590129,79
6300110000000000590130,64
6300110000000000590131,59
6300110000000000590132,10
6300110000000000590133,68
6300110000000000590134,11
6300110000000000590202,88
6300110000000000590219,359
6300110000000000590222,18
6300110000000000590223,175
6300110000000000590224,117
6300110000000000590225,89
6300110000000000590226,268
6300110000000000590227,18
6300110000000000590228,43
6300110000000000590229,92
6300110000000000590230,11
6300110000000000590231,105
6300110000000000590232,131
6300110000000000590235,141
6300110000000000590236,96
6300110000000000590237,9
6300110000000000590238,97
6300110000000000590239,49
6300110000000000590240,130
6300110000000000590241,274
6300110000000000590243,81
6300110000000000590244,40
6300110000000000590245,54
6300110000000000600103,33
6300110000000000600104,74
6300110000000000600106,53
6300110000000000600107,82
6300110000000000600108,56
6300110000000000600109,58
6300110000000000600110,11
6300110000000000600202,95
6300110000000000600206,130
6300110000000000600209,70
6300110000000000600214,84
6300110000000000600223,71
6300110000000000600229,5
6300110000000000600232,21
6300110000000000600234,43
6300110000000000600235,84
6300110000000000600236,42
6300110000000000600237,87
6300110000000000600238,70
6300110000000000600239,51
6300110000000000600240,28
6300110000000000600241,206
6300110000000000600242,52
6300110000000000600243,54
6300110000000000600244,93
6300110000000000600245,52
6300110000000000600246,441
6300110000000000600249,457
6300110000000000600250,92
6300110000000000600251,30
6300110000000000600252,8
6300110000000000600254,97
6300110000000000600255,10
6300110000000000600256,76
6300110000000000600257,172
6300110000000000600258,138
6300110000000000600259,142
6300110000000000600261,23
6300110000000000600262,66
6300110000000000600263,154
6300110000000000600264,168
6300110000000000610112,185
6300110000000000610113,0
6300110000000000610114,111
6300110000000000610115,81
6300110000000000610116,47
6300110000000000610208,506
6300110000000000610209,29
6300110000000000610213,230
6300110000000000610214,51
6300110000000000610215,0
6300110000000000610216,62
6300110000000000610218,19
6300110000000000610222,255
6300110000000000610223,561
6300110000000000610225,20
6300110000000000610228,22
6300110000000000610229,482
6300110000000000610230,125
6300110000000000610231,133
6300110000000000610232,0
6300110000000000610306,248
6300110000000000610307,12
6300110000000000610315,176
6300110000000000610319,153
6300110000000000610320,514
6300110000000000610321,307
6300110000000000610322,55
6300110000000000610323,127
6300110000000000610324,136
6300110000000000610325,661
6300110000000000610327,262
6300110000000000610329,107
6300110000000000610332,63
6300110000000000610333,813
6300110000000000610334,13
6300110000000000610335,138
6300110000000000610336,157
6300110000000000610337,53
6300110000000000610338,145
6300110000000000610339,121
6300110000000000610340,99
6300110000000000610341,143
6300110000000000610342,205
6300110000000000610344,27
6300110000000000610345,153
6300110000000000610347,72
6300110000000000610405,84
6300110000000000610406,79
6300110000000000610408,109
6300110000000000610409,142
6300110000000000610410,152
6300110000000000610415,53
6300110000000000610416,93
6300110000000000610417,61
6300110000000000610421,69
6300110000000000610422,90
6300110000000000610423,127
6300110000000000610425,51
6300110000000000610428,52
6300110000000000610429,89
6300110000000000610431,78
6300110000000000610433,100
6300110000000000610436,50
6300110000000000610439,64
6300110000000000610440,65
6300110000000000610442,93
6300110000000000610443,23
6300110000000000610444,0
6300110000000000610501,294
6300110000000000610504,57
6300110000000000610505,17
6300110000000000610511,120
6300110000000000610512,25
6300110000000000610513,0
6300110000000000610519,103
6300110000000000610521,136
6300110000000000610523,410
6300110000000000610529,52
6300110000000000610531,59
6300110000000000610532,36
6300110000000000610533,42
6300110000000000610534,47
6300110000000000610537,12
6300110000000000610540,20
6300110000000000610542,16
6300110000000000610546,13
6300110000000000620101,50
6300110000000000620102,72
6300110000000000620103,147
6300110000000000620104,49
6300110000000000620105,57
6300110000000000620106,436
6300110000000000620110,141
6300110000000000620111,31
6300110000000000620114,12
6300110000000000620115,15
6300110000000000620116,66
6300110000000000630101,45
6300110000000000630102,63
6300110000000000630103,45
6300110000000000630104,80
6300110000000000630105,85
6300110000000000630106,130
6300110000000000630107,75
6300110000000000630108,26
6300110000000000630109,11
6300110000000000640103,130
6300110000000000640104,82
6300110000000000640105,41
6300110000000000640107,332
6300110000000000640112,283
6300110000000000640132,185
6300110000000000640136,127
6300110000000000640140,14
6300110000000000640141,174
6300110000000000640142,135
6300110000000000640143,97
6300110000000000640146,28
6300110000000000650102,186
6300110000000000650105,133
6300110000000000650106,183
6300110000000000650108,58
6300110000000000650110,55
6300110000000000650117,167
6300110000000000650130,42
6300110000000000650133,299
6300110000000000650134,44
6300110000000000650135,126
6300110000000000650136,90
6300110000000000650137,14
6300110000000000650138,178
6300110000000000650140,83
6300110000000000650141,61
6300110000000000650142,55
6300110000000000650143,71
6300110000000000650144,47
6300110000000000650145,50
6300110000000000650146,0
6300110000000000650147,174
6300110000000000650151,27
6300110000000000660104,24
6300110000000000660105,28
6300110000000000660106,50
6300110000000000660107,30
6300110000000000660108,27
6300110000000000660109,18
6300110000000000660110,16
6300110000000000660111,24
6300110000000000660112,0
6300110000000000670101,61
6300110000000000670102,264
6300110000000000670103,330
6300110000000000670106,65
6300110000000000670108,26
6300110000000000670110,66
6300110000000000670111,65
6300110000000000670112,195
6300110000000000670114,316
6300110000000000670128,810
6300110000000000670129,165
6300110000000000670130,16
6300110000000000670131,73
6300110000000000670133,79
6300110000000000670135,87
6300110000000000670136,66
6300110000000000670137,196
6300110000000000680104,45
6300110000000000680105,33
6300110000000000680107,45
6300110000000000680108,24
6300110000000000680112,152
6300110000000000680114,164
6300110000000000680115,37
6300110000000000680116,128
6300110000000000680118,46
6300110000000000680119,112
6300110000000000680120,66
6300110000000000680121,175
6300110000000000690101,100
6300110000000000690103,52
6300110000000000690105,90
6300110000000000690107,179
6300110000000000690108,0
6300110000000000690110,281
6300110000000000690111,60
6300110000000000690112,121
6300110000000000690113,129
6300110000000000690114,27
6300110000000000690115,22
6300110000000000690116,28
6300110000000000690118,61
6300110000000000700203,61
6300110000000000700416,98
6300110000000000700419,915
6300110000000000700420,135
6300110000000000700421,15
6300110000000000700422,15
6300110000000000700423,354
6300110000000000700424,328
6300110000000000700425,42
6300110000000000700426,186
6300110000000000700427,114
6300110000000000700513,527
6300110000000000700514,130
6300110000000000700603,280
6300110000000000700605,27
6300110000000000700620,319
6300110000000000700627,138
6300110000000000700628,56
6300110000000000700629,29
6300110000000000700631,91
6300110000000000700632,61
6300110000000000700633,38
6300110000000000700640,164
6300110000000000700641,123
6300110000000000700642,98
6300110000000000700643,19
6300110000000000710104,19
6300110000000000710105,13
6300110000000000710106,145
6300110000000000710113,157
6300110000000000710114,76
6300110000000000710139,262
6300110000000000710140,63
6300110000000000710141,160
6300110000000000710142,216
6300110000000000710143,308
6300110000000000710144,432
6300110000000000710145,93
6300110000000000710146,138
6300110000000000710147,14
6300110000000000710148,6
6300110000000000710149,71
6300110000000000710150,141
6300110000000000710212,136
6300110000000000710213,30
6300110000000000710215,225
6300110000000000710216,220
6300110000000000710217,16
6300110000000000710218,329
6300110000000000710219,67
6300110000000000710220,14
6300110000000000710314,224
6300110000000000710410,701
6300110000000000710601,40
6300110000000000710602,42
6300110000000000710603,49
6300110000000000710604,71
6300110000000000710605,114
6300110000000000710612,79
6300110000000000710613,83
6300110000000000710614,71
6300110000000000710615,62
6300110000000000710617,53
6300110000000000710618,47
6300110000000000710619,51
6300110000000000710620,48
6300110000000000710621,32
6300110000000000710622,52
6300110000000000710623,101
6300110000000000710625,50
6300110000000000710626,22
6300110000000000710627,47
6300110000000000710628,54
6300110000000000710629,24
6300110000000000710633,456
6300110000000000710636,363
6300110000000000710637,43
6300110000000000710638,98
6300110000000000710639,34
6300110000000000710641,195
6300110000000000710642,17
6300110000000000710644,13
6300110000000000710645,36
6300110000000000710646,20
6300110000000000710647,126
6300110000000000720102,79
6300110000000000720103,61
6300110000000000720104,85
6300110000000000720105,71
6300110000000000720106,89
6300110000000000720107,92
6300110000000000720108,75
6300110000000000720207,50
6300110000000000720211,167
6300110000000000720216,50
6300110000000000720217,203
6300110000000000720226,866
6300110000000000720227,1066
6300110000000000720228,96
6300110000000000720233,134
6300110000000000720234,273
6300110000000000720237,18
6300110000000000720238,40
6300110000000000720239,26
6300110000000000720240,30
6300110000000000720242,21
6300110000000000720243,302
6300110000000000720244,362
6300110000000000720245,153
6300110000000000720246,119
6300110000000000720247,152
6300110000000000720302,44
6300110000000000720303,63
6300110000000000720304,52
6300110000000000720305,42
6300110000000000720306,70
6300110000000000720307,66
6300110000000000720308,34
6300110000000000720310,91
6300110000000000720311,110
6300110000000000720312,109
6300110000000000720313,62
6300110000000000720314,89
6300110000000000720315,94
6300110000000000720316,97
6300110000000000720317,110
6300110000000000720318,73
6300110000000000720319,102
6300110000000000720320,30
6300110000000000720321,28
6300110000000000720322,19
6300110000000000720323,40
6300110000000000720324,91
6300110000000000720325,69
6300110000000000720326,99
6300110000000000720328,104
6300110000000000720329,44
6300110000000000720401,6
6300110000000000720403,21
6300110000000000720405,0
6300110000000000720406,72
6300110000000000720410,30
6300110000000000720414,18
6300110000000000730102,457
6300110000000000730104,112
6300110000000000730105,42
6300110000000000730106,240
6300110000000000730107,69
6300110000000000730108,41
6300110000000000730109,52
6300110000000000730110,73
6300110000000000730111,258
6300110000000000730112,79
6300110000000000730115,42
6300110000000000730117,11
6300110000000000730118,252
6300110000000000750101,135
6300110000000000750102,145
6300110000000000750103,126
6300110000000000750104,160
6300110000000000750105,130
6300110000000000750106,0
6300110000000000750201,61
6300110000000000750202,79
6300110000000000750203,29
6300110000000000750205,19
6300110000000000750207,56
6300110000000000750208,53
6300110000000000750209,51
6300110000000000750210,32
6300110000000000750211,31
6300110000000000750212,48
6300110000000000750213,30
6300110000000000750217,67
6300110000000000750218,71
6300110000000000750219,46
6300110000000000750220,48
6300110000000000750221,76
6300110000000000750222,16
6300110000000000750223,25
6300110000000000750224,20
6300110000000000750225,17
6300110000000000750226,62
6300110000000000750227,502
6300110000000000750228,62
6300110000000000750229,58
6300110000000000750230,59
6300110000000000750231,100
6300110000000000750232,36
6300110000000000750233,31
6300110000000000750301,87
6300110000000000750304,48
6300110000000000750305,39
6300110000000000750306,46
6300110000000000750307,61
6300110000000000750308,42
6300110000000000750310,68
6300110000000000750311,93
6300110000000000750312,101
6300110000000000750313,104
6300110000000000750314,27
6300110000000000750315,88
6300110000000000750317,49
6300110000000000750318,21
6300110000000000750319,43
6300110000000000750320,46
6300110000000000750401,81
6300110000000000750402,46
6300110000000000750403,57
6300110000000000750404,61
6300110000000000750405,57
6300110000000000750406,102
6300110000000000750407,65
6300110000000000750408,53
6300110000000000750409,95
6300110000000000750410,84
6300110000000000750411,100
6300110000000000750412,101
6300110000000000750413,108
6300110000000000750416,109
6300110000000000750417,47
6300110000000000750418,32
6300110000000000750419,28
6300110000000000750421,76
6300110000000000750422,136
6300110000000000750423,257
6300110000000000750424,190
6300110000000000750425,98
6300110000000000750426,162
6300110000000000750501,74
6300110000000000750502,46
6300110000000000750503,48
6300110000000000750504,73
6300110000000000750505,60
6300110000000000750506,21
6300110000000000750507,23
6300110000000000750508,100
6300110000000000750509,86
6300110000000000750510,81
6300110000000000750511,55
6300110000000000750512,57
6300110000000000750513,78
6300110000000000750514,76
6300110000000000750515,99
6300110000000000750516,77
6300110000000000750517,70
6300110000000000750518,32
6300110000000000750519,284
6300110000000000750701,48
6300110000000000750702,38
6300110000000000750703,23
6300110000000000750704,36
6300110000000000750705,56
6300110000000000750707,33
6300110000000000750708,62
6300110000000000750709,36
6300110000000000750710,87
6300110000000000750711,65
6300110000000000750712,77
6300110000000000750713,86
6300110000000000750714,78
6300110000000000750715,65
6300110000000000750716,92
6300110000000000750717,56
6300110000000000750718,74
6300110000000000750719,71
6300110000000000750720,54
6300110000000000750721,41
6300110000000000750735,62
6300110000000000750736,46
6300110000000000750737,46
6300110000000000750738,61
6300110000000000750739,59
6300110000000000750740,41
6300110000000000750741,47
6300110000000000750743,88
6300110000000000750744,39
6300110000000000750745,20
6300110000000000750802,58
6300110000000000750803,64
6300110000000000750804,68
6300110000000000750805,49
6300110000000000750806,73
6300110000000000750808,18
6300110000000000750809,69
6300110000000000750810,65
6300110000000000750816,21
6300110000000000750817,70
6300110000000000750818,128
6300110000000000750819,59
6300110000000000750820,32
6300110000000000750821,120
6300110000000000750822,64
6300110000000000750823,41
6300110000000000750901,74
6300110000000000750902,68
6300110000000000750903,40
6300110000000000750904,40
6300110000000000750905,26
6300110000000000750907,23
6300110000000000750908,40
6300110000000000750909,62
6300110000000000750910,36
6300110000000000750911,49
6300110000000000750912,82
6300110000000000750913,46
6300110000000000750914,63
6300110000000000750915,67
6300110000000000750919,21
6300110000000000760102,110
6300110000000000760103,57
6300110000000000760105,85
6300110000000000760106,115
6300110000000000760107,89
6300110000000000760108,101
6300110000000000760109,80
6300110000000000760110,110
6300110000000000760111,106
6300110000000000760112,48
6300110000000000760113,79
6300110000000000760114,53
6300110000000000760115,16
6300110000000000760201,66
6300110000000000760202,94
6300110000000000760203,48
6300110000000000760204,90
6300110000000000760205,47
6300110000000000760206,44
6300110000000000760207,112
6300110000000000760208,171
6300110000000000760209,119
6300110000000000760301,49
6300110000000000760302,33
6300110000000000760303,86
6300110000000000760304,65
6300110000000000760305,70
6300110000000000760306,46
6300110000000000760307,77
6300110000000000760308,79
6300110000000000760309,42
6300110000000000760310,62
6300110000000000760311,46
6300110000000000760312,53
6300110000000000760313,29
6300110000000000760314,15
6300110000000000760318,70
6300110000000000760403,67
6300110000000000760404,76
6300110000000000760405,48
6300110000000000760406,114
6300110000000000760407,100
6300110000000000760408,97
6300110000000000760409,87
6300110000000000760410,92
6300110000000000760411,75
6300110000000000760413,93
6300110000000000760414,85
6300110000000000760415,105
6300110000000000760416,101
6300110000000000760417,72
6300110000000000760418,99
6300110000000000760419,77
6300110000000000760420,88
6300110000000000760421,65
6300110000000000760422,54
6300110000000000760423,104
6300110000000000760424,94
6300110000000000760425,79
6300110000000000760501,92
6300110000000000760502,125
6300110000000000760504,76
6300110000000000760505,84
6300110000000000760506,84
6300110000000000760507,79
6300110000000000760508,84
6300110000000000760509,71
6300110000000000760510,108
6300110000000000760511,85
6300110000000000760512,89
6300110000000000760513,51
6300110000000000760514,32
6300110000000000760515,0
6300110000000000760517,78
6300110000000000760518,113
6300110000000000760519,38
6300110000000000760520,83
6300110000000000760521,70
6300110000000000760601,114
6300110000000000760602,89
6300110000000000760603,35
6300110000000000760604,131
6300110000000000760605,132
6300110000000000760606,12
6300110000000000760607,39
6300110000000000760608,15
6300110000000000760611,50
6300110000000000760613,21
6300110000000000760614,36
6300110000000000760615,25
6300110000000000760616,12
6300110000000000760619,0
6300110000000000770101,17
6300110000000000770102,73
6300110000000000770103,161
6300110000000000770104,221
6300110000000000770105,205
6300110000000000770106,187
6300110000000000770107,111
6300110000000000770108,251
6300110000000000770109,148
6300110000000000770110,148
6300110000000000770111,149
6300110000000000770112,120
6300110000000000770113,104
6300110000000000770114,70
6300110000000000770115,115
6300110000000000770116,96
6300110000000000770117,73
6300110000000000770118,140
6300110000000000770119,185
6300110000000000770120,89
6300110000000000770121,41
6300110000000000770202,24
6300110000000000770203,193
6300110000000000770204,182
6300110000000000770205,158
6300110000000000770206,162
6300110000000000770301,2658
6300110000000000770302,0
6300110000000000770304,17
6300110000000000780101,16
6300110000000000780102,37
6300110000000000780103,70
6300110000000000780104,72
6300110000000000780109,148
6300110000000000780110,66
6300110000000000780113,136
6300110000000000780116,111
6300110000000000780120,77
6300110000000000780121,138
6300110000000000780122,146
6300110000000000780123,66
6300110000000000780127,12
6300110000000000780128,32
6300110000000000780129,33
6300110000000000780204,31
6300110000000000780205,26
6300110000000000780206,18
6300110000000000780207,20
6300110000000000780209,66
6300110000000000780211,51
6300110000000000780212,0
6300110000000000780213,36
6300110000000000780214,38
6300110000000000780215,48
6300110000000000780216,37
6300110000000000780217,26
6300110000000000780218,25
6300110000000000780219,0
6300110000000000780221,39
6300110000000000780222,27
6300110000000000780223,81
6300110000000000780224,130
6300110000000000780229,25
6300110000000000780230,28
6300110000000000780231,17
6300110000000000780232,36
6300110000000000780301,56
6300110000000000780302,99
6300110000000000780303,128
6300110000000000780304,198
6300110000000000780305,136
6300110000000000780306,144
6300110000000000780307,106
6300110000000000780308,59
6300110000000000780309,46
6300110000000000780310,24
6300110000000000780311,48
6300110000000000780312,57
6300110000000000780313,95
6300110000000000780314,82
6300110000000000780315,123
6300110000000000780316,100
6300110000000000780317,111
6300110000000000780318,98
6300110000000000780319,22
6300110000000000780320,7
6300110000000000780404,64
6300110000000000780405,91
6300110000000000780406,98
6300110000000000780407,81
6300110000000000780408,58
6300110000000000780409,85
6300110000000000780410,97
6300110000000000780411,66
6300110000000000780413,29
6300110000000000780414,57
6300110000000000780415,37
6300110000000000780418,58
6300110000000000780420,0
6300110000000000780421,34
6300110000000000780501,64
6300110000000000780502,88
6300110000000000780503,97
6300110000000000780504,100
6300110000000000780505,94
6300110000000000780506,48
6300110000000000780507,70
6300110000000000780508,32
6300110000000000780512,80
6300110000000000780513,92
6300110000000000780514,52
6300110000000000780515,110
6300110000000000780516,17
6300110000000000780517,216
6300110000000000780518,38
6300110000000000780519,126
6300110000000000780520,31
6300110000000000780523,45
6300110000000000780601,149
6300110000000000780603,77
6300110000000000780604,158
6300110000000000780605,137
6300110000000000780606,103
6300110000000000780607,66
6300110000000000780608,111
6300110000000000780609,14
6300110000000000780610,169
6300110000000000780611,162
6300110000000000780612,99
6300110000000000780613,102
6300110000000000780614,58
6300110000000000780615,69
6300110000000000780616,99
6300110000000000780617,28
6300110000000000780619,77
6300110000000000780620,13
6300110000000000790101,12
6300110000000000790102,28
6300110000000000790202,73
