mnz,estrato
6300110000000000000000,
6300110000000000010113,2
6300110000000000010114,2
6300110000000000010115,2
6300110000000000010116,2
6300110000000000010117,2
6300110000000000010118,2
6300110000000000010119,2
6300110000000000010120,2
6300110000000000010121,2
6300110000000000010122,2
6300110000000000010123,3
6300110000000000010124,3
6300110000000000010127,3
6300110000000000010129,3
6300110000000000010131,3
6300110000000000010138,3
6300110000000000010139,3
6300110000000000010140,3
6300110000000000010141,3
6300110000000000010143,3
6300110000000000010145,2
6300110000000000010146,2
6300110000000000010147,3
6300110000000000010148,3
6300110000000000010153,3
6300110000000000010154,1
6300110000000000010157,
6300110000000000010203,2
6300110000000000010205,2
6300110000000000010206,2
6300110000000000010209,2
6300110000000000010212,2
6300110000000000010214,2
6300110000000000010215,2
6300110000000000010219,3
6300110000000000010224,2
6300110000000000010225,3
6300110000000000010226,3
6300110000000000010227,0
6300110000000000010228,3
6300110000000000010229,2
6300110000000000010231,2
6300110000000000010232,2
6300110000000000010233,2
6300110000000000010234,2
6300110000000000010235,2
6300110000000000010236,2
6300110000000000010301,3
6300110000000000010303,3
6300110000000000010304,2
6300110000000000010305,2
6300110000000000010306,2
6300110000000000010307,2
6300110000000000010308,2
6300110000000000010309,2
6300110000000000010310,2
6300110000000000010311,3
6300110000000000010312,2
6300110000000000010313,2
6300110000000000010314,3
6300110000000000010315,3
6300110000000000010316,2
6300110000000000010317,3
6300110000000000010318,2
6300110000000000010320,3
6300110000000000010321,3
6300110000000000010322,
6300110000000000010323,2
6300110000000000010324,2
6300110000000000010325,2
6300110000000000010326,3
6300110000000000010327,2
6300110000000000010328,2
6300110000000000010329,2
6300110000000000010330,2
6300110000000000010331,1
6300110000000000010332,3
6300110000000000010333,3
6300110000000000010334,3
6300110000000000010335,3
6300110000000000010336,3
6300110000000000010337,3
6300110000000000010338,2
6300110000000000010339,3
6300110000000000010403,2
6300110000000000010404,2
6300110000000000010406,2
6300110000000000010407,2
6300110000000000010410,2
6300110000000000010411,2
6300110000000000010414,2
6300110000000000010415,2
6300110000000000010418,2
6300110000000000010430,3
6300110000000000010431,3
6300110000000000010432,3
6300110000000000010439,2
6300110000000000010440,3
6300110000000000010441,2
6300110000000000010442,2
6300110000000000010450,2
6300110000000000010451,2
6300110000000000010452,2
6300110000000000010453,2
6300110000000000010454,2
6300110000000000010455,1
6300110000000000010456,2
6300110000000000010457,2
6300110000000000010502,2
6300110000000000010503,2
6300110000000000010504,2
6300110000000000010505,2
6300110000000000010506,2
6300110000000000010507,2
6300110000000000010508,2
6300110000000000010509,2
6300110000000000010510,2
6300110000000000010511,2
6300110000000000010512,2
6300110000000000010521,2
6300110000000000010522,2
6300110000000000010523,2
6300110000000000010524,2
6300110000000000010601,2
6300110000000000010602,3
6300110000000000010603,3
6300110000000000010604,3
6300110000000000010605,3
6300110000000000010606,2
6300110000000000010607,3
6300110000000000010616,2
6300110000000000010617,2
6300110000000000010618,2
6300110000000000010620,2
6300110000000000010621,2
6300110000000000010622,2
6300110000000000010623,2
6300110000000000010626,2
6300110000000000010627,2
6300110000000000010629,2
6300110000000000010630,3
6300110000000000010631,3
6300110000000000010632,2
6300110000000000010633,3
6300110000000000010635,2
6300110000000000010636,2
6300110000000000010637,2
6300110000000000010638,2
6300110000000000010639,1
6300110000000000010640,2
6300110000000000010642,2
6300110000000000010643,2
6300110000000000010644,2
6300110000000000010645,2
6300110000000000010646,2
6300110000000000010647,2
6300110000000000010648,2
6300110000000000010649,2
6300110000000000010650,3
6300110000000000010901,2
6300110000000000010902,3
6300110000000000010903,3
6300110000000000010904,3
6300110000000000010905,2
6300110000000000010907,2
6300110000000000010908,2
6300110000000000010909,1
6300110000000000010910,2
6300110000000000010911,2
6300110000000000010912,3
6300110000000000010913,3
6300110000000000010915,3
6300110000000000010916,3
6300110000000000010917,3
6300110000000000010918,3
6300110000000000010919,3
6300110000000000010920,3
6300110000000000010921,3
6300110000000000010922,3
6300110000000000010923,3
6300110000000000010924,3
6300110000000000010925,2
6300110000000000010926,3
6300110000000000010927,2
6300110000000000010928,2
6300110000000000010929,2
6300110000000000010930,3
6300110000000000010931,3
6300110000000000011001,2
6300110000000000011002,2
6300110000000000011003,2
6300110000000000011004,2
6300110000000000011005,2
6300110000000000011006,2
6300110000000000011007,2
6300110000000000011008,2
6300110000000000011009,2
6300110000000000011010,2
6300110000000000011011,2
6300110000000000011012,2
6300110000000000011013,2
6300110000000000011014,2
6300110000000000011015,2
6300110000000000011016,2
6300110000000000011017,2
6300110000000000011018,2
6300110000000000011019,2
6300110000000000011020,2
6300110000000000011101,1
6300110000000000011102,2
6300110000000000011103,2
6300110000000000011104,2
6300110000000000011105,2
6300110000000000011106,2
6300110000000000011107,2
6300110000000000011108,1
6300110000000000011109,2
6300110000000000011110,2
6300110000000000011111,2
6300110000000000011112,2
6300110000000000011113,2
6300110000000000011114,2
6300110000000000011115,2
6300110000000000011116,2
6300110000000000011117,2
6300110000000000011118,1
6300110000000000011119,2
6300110000000000011120,2
6300110000000000011121,1
6300110000000000011122,2
6300110000000000011123,2
6300110000000000011124,2
6300110000000000011125,1
6300110000000000011126,2
6300110000000000011127,1
6300110000000000011128,
6300110000000000011129,1
6300110000000000011131,1
6300110000000000011132,1
6300110000000000011133,1
6300110000000000011134,1
6300110000000000011135,1
6300110000000000011138,2
6300110000000000011139,1
6300110000000000020101,2
6300110000000000020104,2
6300110000000000020105,2
6300110000000000020109,2
6300110000000000020110,2
6300110000000000020112,2
6300110000000000020114,2
6300110000000000020115,2
6300110000000000020117,2
6300110000000000020120,2
6300110000000000020121,2
6300110000000000020123,2
6300110000000000020124,2
6300110000000000020125,2
6300110000000000020126,1
6300110000000000020127,2
6300110000000000020128,1
6300110000000000020130,2
6300110000000000020131,2
6300110000000000020132,2
6300110000000000020133,1
6300110000000000020134,1
6300110000000000020135,1
6300110000000000020136,1
6300110000000000020137,2
6300110000000000020138,2
6300110000000000020139,3
6300110000000000020202,2
6300110000000000020203,2
6300110000000000020204,2
6300110000000000020205,2
6300110000000000020206,2
6300110000000000020208,2
6300110000000000020210,2
6300110000000000020211,2
6300110000000000020212,1
6300110000000000020213,2
6300110000000000020214,2
6300110000000000020215,2
6300110000000000020217,2
6300110000000000020218,2
6300110000000000020219,2
6300110000000000020229,2
6300110000000000020233,3
6300110000000000020237,2
6300110000000000020240,2
6300110000000000020241,2
6300110000000000020242,1
6300110000000000020243,1
6300110000000000020246,2
6300110000000000020248,1
6300110000000000020249,
6300110000000000020250,1
6300110000000000020302,3
6300110000000000020303,3
6300110000000000020304,2
6300110000000000020305,2
6300110000000000020306,2
6300110000000000020307,2
6300110000000000020308,2
6300110000000000020309,2
6300110000000000020311,2
6300110000000000020312,2
6300110000000000020313,2
6300110000000000020314,2
6300110000000000020315,2
6300110000000000020317,2
6300110000000000020318,2
6300110000000000020319,2
6300110000000000020320,2
6300110000000000020321,2
6300110000000000020322,2
6300110000000000020323,2
6300110000000000020324,2
6300110000000000020325,2
6300110000000000020326,3
6300110000000000020402,2
6300110000000000020403,2
6300110000000000020404,2
6300110000000000020405,2
6300110000000000020406,2
6300110000000000020407,2
6300110000000000020408,2
6300110000000000020409,2
6300110000000000020410,2
6300110000000000020412,2
6300110000000000020413,2
6300110000000000020415,2
6300110000000000020416,2
6300110000000000020502,2
6300110000000000020505,2
6300110000000000020506,3
6300110000000000020507,3
6300110000000000020508,3
6300110000000000020509,3
6300110000000000020510,3
6300110000000000020511,3
6300110000000000020512,3
6300110000000000020513,3
6300110000000000020514,2
6300110000000000020515,2
6300110000000000020516,2
6300110000000000020517,3
6300110000000000020518,2
6300110000000000020521,2
6300110000000000020522,2
6300110000000000020523,2
6300110000000000020608,3
6300110000000000020609,2
6300110000000000020610,3
6300110000000000020625,
6300110000000000020628,3
6300110000000000020630,3
6300110000000000020633,3
6300110000000000020634,3
6300110000000000020635,3
6300110000000000020636,3
6300110000000000020637,3
6300110000000000020638,
6300110000000000020639,3
6300110000000000020640,3
6300110000000000020641,3
6300110000000000020642,3
6300110000000000020643,3
6300110000000000020645,
6300110000000000020647,3
6300110000000000020648,2
6300110000000000020649,2
6300110000000000030101,3
6300110000000000030102,3
6300110000000000030105,3
6300110000000000030106,3
6300110000000000030107,3
6300110000000000030109,3
6300110000000000030114,3
6300110000000000030115,3
6300110000000000030117,3
6300110000000000030119,1
6300110000000000030122,1
6300110000000000030124,
6300110000000000030125,3
6300110000000000030126,3
6300110000000000030202,3
6300110000000000030203,3
6300110000000000030204,3
6300110000000000030205,3
6300110000000000030206,3
6300110000000000030207,3
6300110000000000030208,3
6300110000000000030209,3
6300110000000000030210,3
6300110000000000030211,3
6300110000000000030212,3
6300110000000000030213,3
6300110000000000030218,3
6300110000000000030220,3
6300110000000000030221,3
6300110000000000030222,3
6300110000000000030223,3
6300110000000000030224,3
6300110000000000030226,2
6300110000000000030227,3
6300110000000000030228,1
6300110000000000030229,2
6300110000000000030230,
6300110000000000030231,2
6300110000000000030232,2
6300110000000000030233,3
6300110000000000030234,3
6300110000000000030309,3
6300110000000000030311,3
6300110000000000030313,3
6300110000000000030315,3
6300110000000000030321,2
6300110000000000030323,2
6300110000000000030324,2
6300110000000000030325,3
6300110000000000030338,3
6300110000000000030339,2
6300110000000000030340,2
6300110000000000030341,3
6300110000000000030343,3
6300110000000000030344,3
6300110000000000030345,3
6300110000000000030346,3
6300110000000000030347,
6300110000000000030348,3
6300110000000000030349,3
6300110000000000030350,3
6300110000000000030351,3
6300110000000000030352,3
6300110000000000030353,2
6300110000000000030354,1
6300110000000000030501,3
6300110000000000030502,3
6300110000000000030503,3
6300110000000000030504,3
6300110000000000030506,3
6300110000000000030507,3
6300110000000000030509,2
6300110000000000030513,3
6300110000000000030514,3
6300110000000000030515,3
6300110000000000030516,3
6300110000000000030518,3
6300110000000000030520,3
6300110000000000030524,3
6300110000000000030526,3
6300110000000000030527,3
6300110000000000030528,3
6300110000000000030529,3
6300110000000000030530,1
6300110000000000030531,3
6300110000000000030702,2
6300110000000000030703,2
6300110000000000030704,2
6300110000000000030705,2
6300110000000000030709,2
6300110000000000030711,2
6300110000000000030712,2
6300110000000000030713,3
6300110000000000030714,3
6300110000000000030718,2
6300110000000000030722,2
6300110000000000030723,2
6300110000000000030724,3
6300110000000000030802,2
6300110000000000030803,2
6300110000000000030804,2
6300110000000000030805,
6300110000000000030806,2
6300110000000000030807,2
6300110000000000030808,2
6300110000000000030810,2
6300110000000000030811,2
6300110000000000030813,2
6300110000000000030814,2
6300110000000000030815,2
6300110000000000030816,2
6300110000000000030817,2
6300110000000000030818,2
6300110000000000030820,2
6300110000000000030821,2
6300110000000000030826,1
6300110000000000030827,1
6300110000000000030829,1
6300110000000000030833,1
6300110000000000030834,1
6300110000000000030835,1
6300110000000000030836,1
6300110000000000030837,1
6300110000000000030840,1
6300110000000000030841,1
6300110000000000030842,1
6300110000000000030843,2
6300110000000000030844,2
6300110000000000030846,2
6300110000000000030901,3
6300110000000000030903,3
6300110000000000030904,3
6300110000000000030905,3
6300110000000000030906,3
6300110000000000030907,3
6300110000000000030909,3
6300110000000000030912,3
6300110000000000030913,2
6300110000000000030914,3
6300110000000000030915,3
6300110000000000030916,2
6300110000000000030918,3
6300110000000000030919,3
6300110000000000040101,3
6300110000000000040118,3
6300110000000000040120,3
6300110000000000040121,3
6300110000000000040122,3
6300110000000000040123,3
6300110000000000040124,3
6300110000000000040125,3
6300110000000000040126,3
6300110000000000040127,2
6300110000000000040128,2
6300110000000000040129,2
6300110000000000040135,2
6300110000000000040136,1
6300110000000000040137,3
6300110000000000040138,3
6300110000000000040139,3
6300110000000000040140,3
6300110000000000040141,3
6300110000000000040143,1
6300110000000000040145,
6300110000000000040147,2
6300110000000000040149,2
6300110000000000040206,2
6300110000000000040208,3
6300110000000000040211,3
6300110000000000040212,3
6300110000000000040213,3
6300110000000000040214,3
6300110000000000040216,3
6300110000000000040226,2
6300110000000000040227,3
6300110000000000040228,2
6300110000000000040231,2
6300110000000000040232,2
6300110000000000040233,2
6300110000000000040234,3
6300110000000000040235,2
6300110000000000040236,2
6300110000000000040237,2
6300110000000000040238,2
6300110000000000040239,3
6300110000000000040241,3
6300110000000000040242,3
6300110000000000040243,2
6300110000000000040244,2
6300110000000000040245,
6300110000000000040306,3
6300110000000000040307,3
6300110000000000040311,3
6300110000000000040312,3
6300110000000000040313,3
6300110000000000040314,3
6300110000000000040315,3
6300110000000000040316,3
6300110000000000040318,1
6300110000000000040320,3
6300110000000000040321,3
6300110000000000040325,3
6300110000000000040326,3
6300110000000000040327,1
6300110000000000040328,1
6300110000000000050101,3
6300110000000000050102,3
6300110000000000050103,3
6300110000000000050104,3
6300110000000000050105,3
6300110000000000050108,3
6300110000000000050109,3
6300110000000000050110,3
6300110000000000050111,2
6300110000000000050113,3
6300110000000000050114,3
6300110000000000050115,3
6300110000000000050121,3
6300110000000000050124,3
6300110000000000050125,
6300110000000000050129,3
6300110000000000050130,3
6300110000000000050131,3
6300110000000000050132,2
6300110000000000050133,3
6300110000000000050205,2
6300110000000000050207,3
6300110000000000050208,3
6300110000000000050209,2
6300110000000000050210,3
6300110000000000050212,3
6300110000000000050213,3
6300110000000000050214,3
6300110000000000050216,3
6300110000000000050217,3
6300110000000000050218,3
6300110000000000050220,3
6300110000000000050222,3
6300110000000000050223,3
6300110000000000050228,3
6300110000000000050230,3
6300110000000000050231,2
6300110000000000050232,1
6300110000000000050233,3
6300110000000000050234,2
6300110000000000050235,2
6300110000000000060120,3
6300110000000000060121,1
6300110000000000060122,4
6300110000000000060126,3
6300110000000000060127,2
6300110000000000060201,
6300110000000000060206,3
6300110000000000060207,3
6300110000000000060208,3
6300110000000000060209,3
6300110000000000060210,3
6300110000000000060211,3
6300110000000000060212,3
6300110000000000060213,3
6300110000000000060214,3
6300110000000000060215,3
6300110000000000060309,3
6300110000000000060312,3
6300110000000000060313,3
6300110000000000060320,3
6300110000000000060321,3
6300110000000000060322,3
6300110000000000060323,3
6300110000000000060324,3
6300110000000000060325,3
6300110000000000060326,3
6300110000000000060327,2
6300110000000000060332,2
6300110000000000060333,2
6300110000000000060334,2
6300110000000000060335,2
6300110000000000060336,2
6300110000000000060337,2
6300110000000000060338,2
6300110000000000060340,2
6300110000000000060341,2
6300110000000000060344,3
6300110000000000060346,2
6300110000000000060347,2
6300110000000000060348,2
6300110000000000060350,2
6300110000000000060402,2
6300110000000000060407,2
6300110000000000060408,2
6300110000000000060409,3
6300110000000000060410,3
6300110000000000060411,2
6300110000000000060412,2
6300110000000000060413,3
6300110000000000060501,2
6300110000000000060502,2
6300110000000000060503,2
6300110000000000060504,2
6300110000000000060505,2
6300110000000000060506,2
6300110000000000060507,2
6300110000000000060508,2
6300110000000000060509,2
6300110000000000060510,2
6300110000000000060511,2
6300110000000000060512,2
6300110000000000060513,2
6300110000000000060514,2
6300110000000000060515,2
6300110000000000060516,2
6300110000000000060517,2
6300110000000000060518,2
6300110000000000060520,2
6300110000000000060521,2
6300110000000000060522,2
6300110000000000060523,2
6300110000000000060524,2
6300110000000000060525,2
6300110000000000060526,2
6300110000000000060528,2
6300110000000000060529,2
6300110000000000060530,2
6300110000000000060531,2
6300110000000000060532,2
6300110000000000060533,2
6300110000000000060534,2
6300110000000000060601,2
6300110000000000060603,2
6300110000000000060604,2
6300110000000000060605,2
6300110000000000060606,2
6300110000000000060608,2
6300110000000000060609,2
6300110000000000060610,2
6300110000000000060611,2
6300110000000000060612,2
6300110000000000060613,2
6300110000000000060614,2
6300110000000000060615,2
6300110000000000060616,2
6300110000000000060617,2
6300110000000000060618,2
6300110000000000060621,2
6300110000000000060622,2
6300110000000000060623,2
6300110000000000060624,2
6300110000000000060625,2
6300110000000000060701,2
6300110000000000060702,2
6300110000000000060703,2
6300110000000000060704,2
6300110000000000060705,2
6300110000000000060706,2
6300110000000000060707,2
6300110000000000060708,2
6300110000000000060709,2
6300110000000000060710,2
6300110000000000060711,2
6300110000000000060712,2
6300110000000000060713,2
6300110000000000060714,2
6300110000000000060715,2
6300110000000000060716,2
6300110000000000060717,2
6300110000000000060718,2
6300110000000000060719,2
6300110000000000060720,2
6300110000000000060722,
6300110000000000060723,2
6300110000000000070204,1
6300110000000000070207,1
6300110000000000070208,1
6300110000000000070209,1
6300110000000000070210,1
6300110000000000070211,1
6300110000000000070212,1
6300110000000000070213,1
6300110000000000070214,1
6300110000000000070215,1
6300110000000000070216,1
6300110000000000070217,1
6300110000000000070218,1
6300110000000000070221,1
6300110000000000070223,1
6300110000000000070225,1
6300110000000000070227,1
6300110000000000070228,1
6300110000000000070229,1
6300110000000000070301,1
6300110000000000070302,1
6300110000000000070303,1
6300110000000000070305,1
6300110000000000070306,1
6300110000000000070307,1
6300110000000000070308,1
6300110000000000070309,1
6300110000000000070310,1
6300110000000000070311,1
6300110000000000070312,1
6300110000000000070313,1
6300110000000000070314,1
6300110000000000070318,1
6300110000000000070322,1
6300110000000000070323,1
6300110000000000070324,1
6300110000000000070401,
6300110000000000070402,1
6300110000000000070403,
6300110000000000070404,1
6300110000000000070405,1
6300110000000000070406,1
6300110000000000070407,1
6300110000000000070408,1
6300110000000000070409,1
6300110000000000070413,
6300110000000000070501,
6300110000000000070504,1
6300110000000000070507,1
6300110000000000070509,1
6300110000000000070519,1
6300110000000000070520,2
6300110000000000070521,3
6300110000000000070522,1
6300110000000000070523,3
6300110000000000070524,3
6300110000000000070525,
6300110000000000070526,1
6300110000000000070529,2
6300110000000000070612,1
6300110000000000070613,1
6300110000000000070614,1
6300110000000000070615,1
6300110000000000070616,1
6300110000000000070617,1
6300110000000000070626,1
6300110000000000070627,
6300110000000000070628,1
6300110000000000070629,1
6300110000000000070630,1
6300110000000000070631,1
6300110000000000070632,1
6300110000000000070633,1
6300110000000000070634,1
6300110000000000070635,1
6300110000000000070636,1
6300110000000000070637,1
6300110000000000070638,1
6300110000000000070639,1
6300110000000000070641,1
6300110000000000070642,1
6300110000000000070643,
6300110000000000070701,2
6300110000000000070702,2
6300110000000000070703,
6300110000000000070704,1
6300110000000000070707,5
6300110000000000070708,3
6300110000000000080101,1
6300110000000000080105,1
6300110000000000080113,1
6300110000000000080114,3
6300110000000000080117,1
6300110000000000080120,1
6300110000000000080128,1
6300110000000000080129,1
6300110000000000080130,1
6300110000000000080131,1
6300110000000000080132,2
6300110000000000080135,1
6300110000000000080138,2
6300110000000000080139,2
6300110000000000080140,3
6300110000000000080141,3
6300110000000000080143,3
6300110000000000090102,3
6300110000000000090103,3
6300110000000000090104,2
6300110000000000090105,3
6300110000000000090106,3
6300110000000000090107,3
6300110000000000090108,3
6300110000000000090110,3
6300110000000000090111,3
6300110000000000090112,
6300110000000000090113,3
6300110000000000090122,2
6300110000000000090123,2
6300110000000000090132,2
6300110000000000090133,3
6300110000000000090134,2
6300110000000000090135,1
6300110000000000090145,2
6300110000000000090146,1
6300110000000000090147,1
6300110000000000090148,1
6300110000000000090201,3
6300110000000000090202,3
6300110000000000090203,3
6300110000000000090204,
6300110000000000090205,3
6300110000000000090206,3
6300110000000000090207,3
6300110000000000090208,3
6300110000000000090209,3
6300110000000000090213,3
6300110000000000090214,3
6300110000000000090218,1
6300110000000000100104,1
6300110000000000100105,1
6300110000000000100108,1
6300110000000000100109,1
6300110000000000100112,1
6300110000000000100113,1
6300110000000000100118,1
6300110000000000100119,1
6300110000000000100121,1
6300110000000000100123,1
6300110000000000100124,1
6300110000000000100125,1
6300110000000000100126,1
6300110000000000100127,1
6300110000000000100128,1
6300110000000000100130,1
6300110000000000100131,1
6300110000000000110106,3
6300110000000000110107,3
6300110000000000110108,3
6300110000000000110109,3
6300110000000000110110,3
6300110000000000110112,3
6300110000000000110113,3
6300110000000000110114,3
6300110000000000110207,3
6300110000000000110208,3
6300110000000000110212,3
6300110000000000110213,3
6300110000000000110214,3
6300110000000000110215,3
6300110000000000110216,3
6300110000000000110219,3
6300110000000000110225,3
6300110000000000110226,3
6300110000000000110227,3
6300110000000000110243,1
6300110000000000110244,3
6300110000000000110245,2
6300110000000000110246,3
6300110000000000110247,3
6300110000000000110250,3
6300110000000000110251,3
6300110000000000110252,3
6300110000000000110253,3
6300110000000000110301,2
6300110000000000110302,3
6300110000000000110303,2
6300110000000000110304,2
6300110000000000110305,2
6300110000000000110306,2
6300110000000000110307,2
6300110000000000110308,2
6300110000000000110309,2
6300110000000000110310,3
6300110000000000110311,2
6300110000000000110313,2
6300110000000000110315,3
6300110000000000110401,2
6300110000000000110404,2
6300110000000000110405,2
6300110000000000110406,3
6300110000000000110407,
6300110000000000110408,1
6300110000000000110409,2
6300110000000000110410,2
6300110000000000110411,2
6300110000000000110412,2
6300110000000000110414,2
6300110000000000110415,3
6300110000000000110416,2
6300110000000000110417,2
6300110000000000110418,3
6300110000000000110420,3
6300110000000000110421,2
6300110000000000110422,2
6300110000000000110423,3
6300110000000000110502,2
6300110000000000110503,2
6300110000000000110504,2
6300110000000000110505,2
6300110000000000110506,2
6300110000000000110507,2
6300110000000000110508,2
6300110000000000110509,2
6300110000000000110510,2
6300110000000000110511,2
6300110000000000110512,2
6300110000000000110513,2
6300110000000000110515,2
6300110000000000110516,2
6300110000000000110517,2
6300110000000000110518,2
6300110000000000110519,2
6300110000000000110520,1
6300110000000000110538,1
6300110000000000110546,2
6300110000000000110547,1
6300110000000000110549,
6300110000000000110550,2
6300110000000000110551,2
6300110000000000110552,2
6300110000000000110553,2
6300110000000000110554,2
6300110000000000110555,2
6300110000000000110557,2
6300110000000000110558,2
6300110000000000110559,1
6300110000000000110560,1
6300110000000000110561,1
6300110000000000110563,2
6300110000000000110564,2
6300110000000000110565,2
6300110000000000110566,2
6300110000000000110567,2
6300110000000000110568,2
6300110000000000110569,2
6300110000000000110570,1
6300110000000000110571,1
6300110000000000110572,2
6300110000000000110573,1
6300110000000000110574,1
6300110000000000110604,2
6300110000000000110605,2
6300110000000000110608,2
6300110000000000110609,2
6300110000000000110611,2
6300110000000000110618,1
6300110000000000110619,2
6300110000000000110620,
6300110000000000110621,1
6300110000000000110623,2
6300110000000000110624,2
6300110000000000110625,1
6300110000000000120202,2
6300110000000000120203,2
6300110000000000120204,2
6300110000000000120205,2
6300110000000000120206,2
6300110000000000120207,2
6300110000000000120208,2
6300110000000000120209,2
6300110000000000120211,2
6300110000000000120215,2
6300110000000000120301,2
6300110000000000120302,2
6300110000000000120303,2
6300110000000000120304,2
6300110000000000120305,2
6300110000000000120306,2
6300110000000000120307,2
6300110000000000120308,2
6300110000000000120309,2
6300110000000000120310,2
6300110000000000120311,2
6300110000000000120312,2
6300110000000000120313,2
6300110000000000120314,2
6300110000000000120315,2
6300110000000000120401,2
6300110000000000120403,2
6300110000000000120405,2
6300110000000000120406,2
6300110000000000120409,2
6300110000000000120410,2
6300110000000000120412,2
6300110000000000120413,2
6300110000000000120414,2
6300110000000000120416,2
6300110000000000120417,2
6300110000000000120419,3
6300110000000000120420,3
6300110000000000120421,3
6300110000000000120422,3
6300110000000000120423,3
6300110000000000120424,3
6300110000000000120425,3
6300110000000000120426,3
6300110000000000120427,3
6300110000000000120428,3
6300110000000000120430,3
6300110000000000120433,3
6300110000000000120434,3
6300110000000000120435,3
6300110000000000120436,3
6300110000000000120437,1
6300110000000000120438,3
6300110000000000120439,3
6300110000000000120440,2
6300110000000000120441,3
6300110000000000120442,3
6300110000000000120443,3
6300110000000000120444,3
6300110000000000120445,3
6300110000000000120448,2
6300110000000000120449,2
6300110000000000120450,2
6300110000000000120451,
6300110000000000120502,2
6300110000000000120503,2
6300110000000000120504,2
6300110000000000120506,2
6300110000000000120507,2
6300110000000000120508,2
6300110000000000120511,2
6300110000000000120512,1
6300110000000000120513,1
6300110000000000120515,2
6300110000000000120516,
6300110000000000120517,1
6300110000000000120601,2
6300110000000000120603,2
6300110000000000120604,2
6300110000000000120605,2
6300110000000000120606,2
6300110000000000120607,2
6300110000000000120608,2
6300110000000000120609,2
6300110000000000120610,2
6300110000000000120612,2
6300110000000000120614,2
6300110000000000120616,2
6300110000000000130103,1
6300110000000000130105,1
6300110000000000130106,1
6300110000000000130107,1
6300110000000000130108,1
6300110000000000130117,1
6300110000000000130118,1
6300110000000000140106,
6300110000000000140109,1
6300110000000000140115,1
6300110000000000140116,1
6300110000000000140117,2
6300110000000000140118,2
6300110000000000140119,1
6300110000000000150103,1
6300110000000000150109,1
6300110000000000150110,1
6300110000000000150111,1
6300110000000000150113,1
6300110000000000150114,1
6300110000000000150116,1
6300110000000000150117,1
6300110000000000150118,1
6300110000000000150119,1
6300110000000000150120,1
6300110000000000150121,1
6300110000000000150201,1
6300110000000000150202,1
6300110000000000150203,1
6300110000000000150205,1
6300110000000000150206,1
6300110000000000150207,1
6300110000000000150212,1
6300110000000000150213,1
6300110000000000160118,3
6300110000000000160119,2
6300110000000000160120,3
6300110000000000160121,3
6300110000000000160122,3
6300110000000000160123,2
6300110000000000160136,3
6300110000000000160138,2
6300110000000000160139,2
6300110000000000160141,2
6300110000000000160142,2
6300110000000000160143,2
6300110000000000160144,2
6300110000000000160145,2
6300110000000000160147,1
6300110000000000160148,1
6300110000000000160149,1
6300110000000000160150,1
6300110000000000160152,1
6300110000000000160204,1
6300110000000000160216,2
6300110000000000160222,1
6300110000000000160225,2
6300110000000000160226,2
6300110000000000160230,2
6300110000000000160231,2
6300110000000000160232,2
6300110000000000160233,2
6300110000000000160235,2
6300110000000000160237,2
6300110000000000160239,2
6300110000000000160240,1
6300110000000000160241,1
6300110000000000160242,1
6300110000000000160243,1
6300110000000000160244,1
6300110000000000180102,1
6300110000000000180104,3
6300110000000000180105,3
6300110000000000180106,1
6300110000000000180107,1
6300110000000000180109,3
6300110000000000180110,2
6300110000000000180111,1
6300110000000000180113,1
6300110000000000180114,3
6300110000000000190104,1
6300110000000000190105,1
6300110000000000190106,1
6300110000000000190107,
6300110000000000190108,1
6300110000000000190109,1
6300110000000000190110,1
6300110000000000190111,1
6300110000000000190112,1
6300110000000000190113,1
6300110000000000190114,1
6300110000000000190118,1
6300110000000000190119,1
6300110000000000190120,3
6300110000000000200101,3
6300110000000000200102,3
6300110000000000200103,3
6300110000000000200105,3
6300110000000000200109,3
6300110000000000200113,3
6300110000000000200115,1
6300110000000000200117,3
6300110000000000200121,1
6300110000000000200122,1
6300110000000000200123,1
6300110000000000200124,1
6300110000000000200125,1
6300110000000000200126,1
6300110000000000200127,3
6300110000000000200128,1
6300110000000000200129,1
6300110000000000200130,2
6300110000000000200131,3
6300110000000000200132,1
6300110000000000210106,1
6300110000000000210107,1
6300110000000000210108,1
6300110000000000210109,1
6300110000000000210202,1
6300110000000000210203,3
6300110000000000210204,3
6300110000000000210205,3
6300110000000000210206,3
6300110000000000210207,3
6300110000000000210208,3
6300110000000000210209,3
6300110000000000210210,2
6300110000000000210211,3
6300110000000000210212,
6300110000000000210214,1
6300110000000000210216,2
6300110000000000210219,3
6300110000000000210220,1
6300110000000000210221,1
6300110000000000210222,1
6300110000000000210223,1
6300110000000000220102,1
6300110000000000220104,1
6300110000000000220106,1
6300110000000000220107,1
6300110000000000220109,1
6300110000000000220110,1
6300110000000000230104,1
6300110000000000230105,1
6300110000000000230107,1
6300110000000000230113,1
6300110000000000230116,1
6300110000000000230117,1
6300110000000000230118,2
6300110000000000230119,2
6300110000000000230120,1
6300110000000000230122,1
6300110000000000240101,3
6300110000000000240102,3
6300110000000000240103,3
6300110000000000240104,3
6300110000000000240105,3
6300110000000000240106,3
6300110000000000240107,3
6300110000000000240108,3
6300110000000000240109,3
6300110000000000240110,3
6300110000000000240111,3
6300110000000000240113,3
6300110000000000240114,3
6300110000000000240115,3
6300110000000000240116,3
6300110000000000240119,3
6300110000000000240202,3
6300110000000000240203,3
6300110000000000240204,3
6300110000000000240205,3
6300110000000000240206,1
6300110000000000240207,3
6300110000000000240208,3
6300110000000000240209,3
6300110000000000240210,2
6300110000000000240213,3
6300110000000000240214,3
6300110000000000240216,3
6300110000000000240218,3
6300110000000000240219,3
6300110000000000240225,3
6300110000000000240226,3
6300110000000000240228,1
6300110000000000240229,1
6300110000000000240230,1
6300110000000000240231,1
6300110000000000240232,1
6300110000000000240233,1
6300110000000000250102,2
6300110000000000250111,3
6300110000000000250112,2
6300110000000000250113,2
6300110000000000250114,2
6300110000000000250115,2
6300110000000000250116,2
6300110000000000250117,1
6300110000000000250120,3
6300110000000000250121,2
6300110000000000250126,2
6300110000000000250202,3
6300110000000000250203,3
6300110000000000250204,3
6300110000000000250235,2
6300110000000000250236,2
6300110000000000250237,2
6300110000000000250238,2
6300110000000000250239,2
6300110000000000250240,2
6300110000000000250241,2
6300110000000000250242,2
6300110000000000250243,2
6300110000000000250244,2
6300110000000000250245,3
6300110000000000250246,3
6300110000000000250247,3
6300110000000000250306,2
6300110000000000250307,2
6300110000000000250308,2
6300110000000000250309,2
6300110000000000250310,2
6300110000000000250311,2
6300110000000000250312,2
6300110000000000250313,2
6300110000000000250314,2
6300110000000000250315,2
6300110000000000250316,2
6300110000000000250317,2
6300110000000000250318,2
6300110000000000250319,2
6300110000000000250320,2
6300110000000000250321,2
6300110000000000250322,2
6300110000000000250323,2
6300110000000000250324,2
6300110000000000250325,2
6300110000000000250328,2
6300110000000000250402,2
6300110000000000250403,2
6300110000000000250415,2
6300110000000000250416,2
6300110000000000250417,2
6300110000000000250418,2
6300110000000000250419,2
6300110000000000250420,2
6300110000000000250421,2
6300110000000000250422,2
6300110000000000250423,2
6300110000000000250424,2
6300110000000000250425,2
6300110000000000250426,2
6300110000000000250427,3
6300110000000000250428,2
6300110000000000250430,2
6300110000000000250431,2
6300110000000000250432,2
6300110000000000250433,2
6300110000000000250434,2
6300110000000000250435,2
6300110000000000250436,2
6300110000000000250438,2
6300110000000000250440,3
6300110000000000250441,2
6300110000000000250442,2
6300110000000000250443,2
6300110000000000250444,2
6300110000000000250445,2
6300110000000000250446,2
6300110000000000250447,2
6300110000000000250448,
6300110000000000250449,2
6300110000000000250450,2
6300110000000000250451,2
6300110000000000250452,2
6300110000000000250453,2
6300110000000000250454,2
6300110000000000250455,2
6300110000000000250456,2
6300110000000000250457,2
6300110000000000250458,3
6300110000000000250459,2
6300110000000000250460,2
6300110000000000250461,2
6300110000000000250462,2
6300110000000000250463,2
6300110000000000250464,2
6300110000000000250465,2
6300110000000000250466,2
6300110000000000250468,3
6300110000000000250469,2
6300110000000000260101,2
6300110000000000260106,3
6300110000000000260109,3
6300110000000000260112,3
6300110000000000260134,3
6300110000000000260135,2
6300110000000000260158,3
6300110000000000260162,3
6300110000000000260170,3
6300110000000000260171,3
6300110000000000260172,3
6300110000000000260173,3
6300110000000000260174,3
6300110000000000260175,3
6300110000000000260176,3
6300110000000000260177,3
6300110000000000260178,3
6300110000000000260179,3
6300110000000000260180,2
6300110000000000260182,2
6300110000000000260206,3
6300110000000000260207,3
6300110000000000260210,3
6300110000000000260211,3
6300110000000000260214,3
6300110000000000260215,3
6300110000000000260216,3
6300110000000000260219,2
6300110000000000260220,2
6300110000000000260221,2
6300110000000000260223,2
6300110000000000260224,2
6300110000000000260225,3
6300110000000000260226,3
6300110000000000260227,3
6300110000000000260228,3
6300110000000000260229,3
6300110000000000260230,3
6300110000000000260231,3
6300110000000000260232,3
6300110000000000260233,3
6300110000000000260234,3
6300110000000000260235,3
6300110000000000260236,3
6300110000000000260237,2
6300110000000000260238,2
6300110000000000260307,3
6300110000000000260308,3
6300110000000000260309,3
6300110000000000260310,3
6300110000000000260311,3
6300110000000000260313,3
6300110000000000260314,3
6300110000000000260315,3
6300110000000000260316,3
6300110000000000260317,
6300110000000000260321,3
6300110000000000260322,3
6300110000000000260323,3
6300110000000000260402,2
6300110000000000260403,2
6300110000000000260404,2
6300110000000000260405,2
6300110000000000260409,2
6300110000000000260410,2
6300110000000000260411,2
6300110000000000260412,2
6300110000000000260413,2
6300110000000000260414,2
6300110000000000260420,2
6300110000000000260421,2
6300110000000000260422,2
6300110000000000270105,3
6300110000000000270110,3
6300110000000000270111,1
6300110000000000270112,3
6300110000000000270113,1
6300110000000000270114,1
6300110000000000280102,3
6300110000000000280103,3
6300110000000000280105,3
6300110000000000280106,3
6300110000000000280107,3
6300110000000000280111,3
6300110000000000280112,3
6300110000000000280122,3
6300110000000000280123,3
6300110000000000280124,3
6300110000000000280125,3
6300110000000000280201,3
6300110000000000280202,3
6300110000000000280203,3
6300110000000000280204,3
6300110000000000280205,3
6300110000000000280206,3
6300110000000000280207,3
6300110000000000280208,3
6300110000000000290105,1
6300110000000000290106,1
6300110000000000290107,1
6300110000000000290108,1
6300110000000000290109,2
6300110000000000290110,2
6300110000000000290111,2
6300110000000000290112,2
6300110000000000290113,2
6300110000000000290116,2
6300110000000000290118,1
6300110000000000300101,1
6300110000000000300102,1
6300110000000000300103,1
6300110000000000300104,1
6300110000000000300105,1
6300110000000000300106,1
6300110000000000300108,1
6300110000000000300109,1
6300110000000000300110,1
6300110000000000300111,1
6300110000000000300112,1
6300110000000000310101,1
6300110000000000310102,1
6300110000000000310104,1
6300110000000000310105,1
6300110000000000310106,1
6300110000000000310107,1
6300110000000000310108,1
6300110000000000310113,1
6300110000000000310114,1
6300110000000000320102,1
6300110000000000320103,1
6300110000000000320105,1
6300110000000000320106,1
6300110000000000320108,1
6300110000000000320109,1
6300110000000000330101,3
6300110000000000330102,3
6300110000000000330103,3
6300110000000000330104,3
6300110000000000330106,3
6300110000000000330107,3
6300110000000000330108,3
6300110000000000330109,3
6300110000000000330110,3
6300110000000000330111,3
6300110000000000330114,3
6300110000000000330115,3
6300110000000000330118,3
6300110000000000330119,2
6300110000000000330121,3
6300110000000000330123,3
6300110000000000330124,3
6300110000000000330125,3
6300110000000000330126,3
6300110000000000330127,3
6300110000000000330132,3
6300110000000000330133,1
6300110000000000330134,2
6300110000000000330135,3
6300110000000000330136,2
6300110000000000330139,3
6300110000000000330201,3
6300110000000000330202,3
6300110000000000330203,3
6300110000000000330204,3
6300110000000000330205,3
6300110000000000330206,3
6300110000000000330207,3
6300110000000000330215,3
6300110000000000330219,3
6300110000000000330220,3
6300110000000000330221,3
6300110000000000330222,3
6300110000000000330223,3
6300110000000000330224,3
6300110000000000330225,3
6300110000000000330226,3
6300110000000000330227,3
6300110000000000330228,3
6300110000000000330233,3
6300110000000000330234,3
6300110000000000330235,3
6300110000000000330301,2
6300110000000000330304,2
6300110000000000330305,2
6300110000000000330306,2
6300110000000000330308,2
6300110000000000330309,2
6300110000000000330310,2
6300110000000000330311,2
6300110000000000330312,2
6300110000000000330319,3
6300110000000000330320,3
6300110000000000330321,3
6300110000000000330322,3
6300110000000000330323,3
6300110000000000330324,3
6300110000000000330330,1
6300110000000000330331,2
6300110000000000330333,3
6300110000000000330334,3
6300110000000000330335,2
6300110000000000330337,3
6300110000000000330338,3
6300110000000000330339,3
6300110000000000330340,3
6300110000000000330341,3
6300110000000000330342,0
6300110000000000330401,1
6300110000000000330402,1
6300110000000000330403,1
6300110000000000330404,1
6300110000000000330405,1
6300110000000000330406,1
6300110000000000330407,2
6300110000000000330408,1
6300110000000000330409,1
6300110000000000330411,1
6300110000000000330412,1
6300110000000000330413,1
6300110000000000330414,1
6300110000000000330415,2
6300110000000000330416,2
6300110000000000330417,1
6300110000000000330418,2
6300110000000000330419,2
6300110000000000330420,1
6300110000000000330421,1
6300110000000000330422,2
6300110000000000330423,2
6300110000000000330424,1
6300110000000000330501,1
6300110000000000330502,2
6300110000000000330503,1
6300110000000000330504,1
6300110000000000330505,1
6300110000000000330506,2
6300110000000000330507,1
6300110000000000330508,1
6300110000000000330509,1
6300110000000000330510,1
6300110000000000330511,1
6300110000000000330512,1
6300110000000000330513,1
6300110000000000330514,1
6300110000000000330515,1
6300110000000000330516,1
6300110000000000330517,1
6300110000000000330518,1
6300110000000000330519,2
6300110000000000330520,1
6300110000000000330604,1
6300110000000000330605,1
6300110000000000330606,1
6300110000000000330607,1
6300110000000000330608,1
6300110000000000330609,1
6300110000000000330610,1
6300110000000000330611,1
6300110000000000330612,1
6300110000000000330614,1
6300110000000000330615,2
6300110000000000330702,1
6300110000000000330703,1
6300110000000000330704,1
6300110000000000330706,1
6300110000000000330707,1
6300110000000000330708,1
6300110000000000330715,1
6300110000000000330717,1
6300110000000000330718,1
6300110000000000330719,1
6300110000000000330720,1
6300110000000000330803,1
6300110000000000330810,1
6300110000000000330811,1
6300110000000000330812,1
6300110000000000330813,1
6300110000000000330814,1
6300110000000000330815,1
6300110000000000330816,1
6300110000000000330817,1
6300110000000000330818,1
6300110000000000330819,1
6300110000000000330820,1
6300110000000000330821,1
6300110000000000330822,1
6300110000000000330823,1
6300110000000000330824,1
6300110000000000330825,1
6300110000000000330826,1
6300110000000000330827,2
6300110000000000330828,1
6300110000000000330830,1
6300110000000000330831,1
6300110000000000330901,2
6300110000000000330902,2
6300110000000000330908,3
6300110000000000330909,2
6300110000000000330910,2
6300110000000000330911,2
6300110000000000330912,2
6300110000000000330916,3
6300110000000000331001,
6300110000000000331003,3
6300110000000000340102,1
6300110000000000340103,1
6300110000000000340107,1
6300110000000000350101,1
6300110000000000350102,1
6300110000000000350103,1
6300110000000000350104,1
6300110000000000350106,1
6300110000000000350107,1
6300110000000000350108,1
6300110000000000350109,
6300110000000000350202,1
6300110000000000350204,1
6300110000000000350207,1
6300110000000000350208,1
6300110000000000350209,1
6300110000000000350210,1
6300110000000000350211,3
6300110000000000350216,1
6300110000000000350221,1
6300110000000000350222,1
6300110000000000350226,1
6300110000000000350227,1
6300110000000000350228,1
6300110000000000370108,3
6300110000000000370111,1
6300110000000000370112,1
6300110000000000370113,1
6300110000000000370114,1
6300110000000000370116,1
6300110000000000370122,1
6300110000000000370123,1
6300110000000000370124,3
6300110000000000380102,
6300110000000000380103,1
6300110000000000380104,1
6300110000000000380105,1
6300110000000000380110,1
6300110000000000380111,1
6300110000000000380112,1
6300110000000000380114,1
6300110000000000390101,1
6300110000000000390106,1
6300110000000000400102,1
6300110000000000400104,1
6300110000000000400105,1
6300110000000000400106,1
6300110000000000400107,2
6300110000000000400108,3
6300110000000000400202,
6300110000000000400204,3
6300110000000000400205,3
6300110000000000400206,3
6300110000000000400207,2
6300110000000000400209,2
6300110000000000400210,3
6300110000000000400212,3
6300110000000000410101,2
6300110000000000410104,3
6300110000000000410105,3
6300110000000000410106,3
6300110000000000410107,3
6300110000000000410116,3
6300110000000000410201,3
6300110000000000410202,3
6300110000000000410203,3
6300110000000000410204,3
6300110000000000410205,2
6300110000000000410206,3
6300110000000000410207,3
6300110000000000410208,3
6300110000000000410209,3
6300110000000000410210,3
6300110000000000410211,3
6300110000000000410212,3
6300110000000000410213,3
6300110000000000410215,3
6300110000000000410217,3
6300110000000000410218,3
6300110000000000420102,3
6300110000000000420104,3
6300110000000000420105,4
6300110000000000420106,4
6300110000000000420107,3
6300110000000000420108,4
6300110000000000420121,3
6300110000000000420122,3
6300110000000000420125,3
6300110000000000420126,3
6300110000000000420127,3
6300110000000000420129,1
6300110000000000420130,3
6300110000000000420131,3
6300110000000000420132,3
6300110000000000420133,3
6300110000000000420134,3
6300110000000000420135,3
6300110000000000420136,4
6300110000000000420137,4
6300110000000000420202,3
6300110000000000420203,4
6300110000000000420204,4
6300110000000000420206,3
6300110000000000420208,4
6300110000000000420214,4
6300110000000000420219,1
6300110000000000420223,1
6300110000000000420224,2
6300110000000000420225,2
6300110000000000420226,2
6300110000000000420227,2
6300110000000000420231,3
6300110000000000420233,2
6300110000000000420234,1
6300110000000000420235,1
6300110000000000420236,1
6300110000000000420237,1
6300110000000000420238,1
6300110000000000420240,1
6300110000000000420241,3
6300110000000000420242,3
6300110000000000420243,4
6300110000000000420244,3
6300110000000000420245,4
6300110000000000420246,4
6300110000000000420247,1
6300110000000000420248,1
6300110000000000420702,2
6300110000000000420703,2
6300110000000000420704,2
6300110000000000420705,2
6300110000000000420707,2
6300110000000000420708,2
6300110000000000420709,2
6300110000000000420710,2
6300110000000000420711,2
6300110000000000420712,2
6300110000000000420721,3
6300110000000000420722,3
6300110000000000420723,3
6300110000000000420724,3
6300110000000000420725,3
6300110000000000420726,3
6300110000000000420727,3
6300110000000000420728,3
6300110000000000420729,1
6300110000000000420730,1
6300110000000000420731,1
6300110000000000420732,1
6300110000000000420733,1
6300110000000000420734,1
6300110000000000420735,1
6300110000000000420737,3
6300110000000000420739,1
6300110000000000420740,1
6300110000000000420741,
6300110000000000420742,1
6300110000000000420743,1
6300110000000000420744,1
6300110000000000420745,3
6300110000000000420749,2
6300110000000000420750,2
6300110000000000420751,2
6300110000000000420752,2
6300110000000000420753,3
6300110000000000420754,1
6300110000000000420755,1
6300110000000000420756,1
6300110000000000420757,3
6300110000000000420758,3
6300110000000000420759,3
6300110000000000420760,3
6300110000000000420761,3
6300110000000000420762,3
6300110000000000420763,1
6300110000000000420764,1
6300110000000000420765,1
6300110000000000420766,1
6300110000000000420767,1
6300110000000000420768,3
6300110000000000420769,1
6300110000000000420770,3
6300110000000000420771,3
6300110000000000420772,1
6300110000000000420804,3
6300110000000000420805,3
6300110000000000420806,3
6300110000000000420807,3
6300110000000000420809,3
6300110000000000420810,3
6300110000000000420811,3
6300110000000000420812,3
6300110000000000420813,3
6300110000000000420814,2
6300110000000000420815,3
6300110000000000420816,3
6300110000000000420817,3
6300110000000000420818,3
6300110000000000420819,3
6300110000000000420838,3
6300110000000000420839,3
6300110000000000420840,2
6300110000000000420841,
6300110000000000420902,1
6300110000000000420903,1
6300110000000000420904,1
6300110000000000420905,1
6300110000000000420907,1
6300110000000000420908,1
6300110000000000420909,2
6300110000000000420910,1
6300110000000000420913,1
6300110000000000420914,1
6300110000000000420915,1
6300110000000000420916,1
6300110000000000420917,1
6300110000000000420918,1
6300110000000000420919,1
6300110000000000420920,1
6300110000000000430101,2
6300110000000000430105,2
6300110000000000430106,2
6300110000000000430107,2
6300110000000000430108,2
6300110000000000430111,2
6300110000000000430112,1
6300110000000000430113,2
6300110000000000430115,1
6300110000000000430116,1
6300110000000000430118,2
6300110000000000430121,3
6300110000000000430122,2
6300110000000000430124,2
6300110000000000430125,1
6300110000000000430127,1
6300110000000000430128,1
6300110000000000430129,2
6300110000000000430131,2
6300110000000000430132,2
6300110000000000430133,2
6300110000000000430202,2
6300110000000000430204,2
6300110000000000430206,3
6300110000000000430211,
6300110000000000430213,2
6300110000000000430214,2
6300110000000000430215,2
6300110000000000430314,3
6300110000000000430316,1
6300110000000000430317,3
6300110000000000430318,3
6300110000000000430319,3
6300110000000000430326,3
6300110000000000430328,3
6300110000000000430331,3
6300110000000000430332,3
6300110000000000430334,1
6300110000000000430335,1
6300110000000000430336,1
6300110000000000430337,1
6300110000000000430338,1
6300110000000000430339,3
6300110000000000430340,3
6300110000000000430341,3
6300110000000000430342,3
6300110000000000430401,3
6300110000000000430402,3
6300110000000000430403,3
6300110000000000430404,3
6300110000000000430405,3
6300110000000000430408,3
6300110000000000430410,3
6300110000000000430411,3
6300110000000000430412,3
6300110000000000430415,3
6300110000000000430416,3
6300110000000000430417,3
6300110000000000430418,3
6300110000000000430419,3
6300110000000000430420,3
6300110000000000430421,3
6300110000000000430423,1
6300110000000000430424,3
6300110000000000430425,3
6300110000000000430426,3
6300110000000000430427,3
6300110000000000430428,3
6300110000000000430429,3
6300110000000000430430,3
6300110000000000430431,3
6300110000000000430432,1
6300110000000000430433,1
6300110000000000430435,1
6300110000000000430436,3
6300110000000000430437,3
6300110000000000430438,3
6300110000000000430439,3
6300110000000000430440,3
6300110000000000430441,3
6300110000000000430442,3
6300110000000000430443,3
6300110000000000430444,
6300110000000000430445,3
6300110000000000430446,
6300110000000000430502,2
6300110000000000430503,2
6300110000000000430504,1
6300110000000000430509,1
6300110000000000430510,1
6300110000000000430511,1
6300110000000000430512,1
6300110000000000430513,1
6300110000000000430514,1
6300110000000000430515,1
6300110000000000430516,2
6300110000000000430517,2
6300110000000000430518,1
6300110000000000430519,2
6300110000000000430520,2
6300110000000000430521,2
6300110000000000430522,2
6300110000000000430523,2
6300110000000000430524,1
6300110000000000430525,1
6300110000000000430528,1
6300110000000000430529,1
6300110000000000430530,1
6300110000000000430531,1
6300110000000000430532,1
6300110000000000430533,3
6300110000000000440105,1
6300110000000000440106,3
6300110000000000440107,3
6300110000000000440108,3
6300110000000000440109,3
6300110000000000440110,
6300110000000000440111,1
6300110000000000440113,1
6300110000000000440120,2
6300110000000000440121,
6300110000000000440123,1
6300110000000000440125,
6300110000000000440126,1
6300110000000000440127,1
6300110000000000440128,1
6300110000000000440129,2
6300110000000000440130,2
6300110000000000440131,
6300110000000000440132,
6300110000000000440202,1
6300110000000000440203,2
6300110000000000440204,1
6300110000000000440206,2
6300110000000000440207,3
6300110000000000440210,3
6300110000000000440211,1
6300110000000000440212,3
6300110000000000440213,3
6300110000000000440214,3
6300110000000000440215,3
6300110000000000440216,3
6300110000000000440218,2
6300110000000000440220,3
6300110000000000440221,3
6300110000000000440222,3
6300110000000000440223,1
6300110000000000440225,1
6300110000000000440301,2
6300110000000000440302,3
6300110000000000440303,3
6300110000000000440304,3
6300110000000000440305,3
6300110000000000440307,3
6300110000000000440308,3
6300110000000000440309,2
6300110000000000440310,3
6300110000000000440313,3
6300110000000000440314,2
6300110000000000440315,3
6300110000000000440316,3
6300110000000000440317,3
6300110000000000440319,
6300110000000000440322,2
6300110000000000440323,3
6300110000000000440324,3
6300110000000000440325,3
6300110000000000440326,3
6300110000000000450101,3
6300110000000000450102,1
6300110000000000450103,3
6300110000000000450104,3
6300110000000000450105,3
6300110000000000450106,3
6300110000000000450107,3
6300110000000000450108,3
6300110000000000450109,3
6300110000000000450110,3
6300110000000000450111,2
6300110000000000450113,3
6300110000000000450114,3
6300110000000000460101,3
6300110000000000460102,
6300110000000000460103,3
6300110000000000460104,3
6300110000000000460105,3
6300110000000000460106,5
6300110000000000460109,1
6300110000000000460110,1
6300110000000000460114,
6300110000000000460116,3
6300110000000000460202,3
6300110000000000460203,3
6300110000000000460204,4
6300110000000000460205,3
6300110000000000460206,3
6300110000000000460207,3
6300110000000000460208,3
6300110000000000460209,
6300110000000000460210,4
6300110000000000460212,1
6300110000000000460301,4
6300110000000000460302,4
6300110000000000460305,4
6300110000000000460306,3
6300110000000000460307,4
6300110000000000460308,4
6300110000000000460309,4
6300110000000000460310,3
6300110000000000460311,4
6300110000000000460312,4
6300110000000000460401,3
6300110000000000460402,2
6300110000000000460403,1
6300110000000000460404,4
6300110000000000460405,4
6300110000000000460406,4
6300110000000000460408,3
6300110000000000460409,1
6300110000000000460410,3
6300110000000000460411,3
6300110000000000460412,3
6300110000000000460413,3
6300110000000000460415,3
6300110000000000460501,4
6300110000000000460502,4
6300110000000000460503,4
6300110000000000460505,3
6300110000000000460507,4
6300110000000000460511,4
6300110000000000470101,3
6300110000000000470102,2
6300110000000000470104,1
6300110000000000470105,1
6300110000000000470106,3
6300110000000000470107,3
6300110000000000470108,3
6300110000000000470109,3
6300110000000000470111,2
6300110000000000470112,1
6300110000000000470113,3
6300110000000000470114,
6300110000000000470201,4
6300110000000000470202,
6300110000000000470204,3
6300110000000000470205,4
6300110000000000470206,3
6300110000000000470207,3
6300110000000000470208,3
6300110000000000470209,4
6300110000000000470210,3
6300110000000000470211,3
6300110000000000470213,3
6300110000000000470214,4
6300110000000000470301,3
6300110000000000470302,3
6300110000000000470303,3
6300110000000000470304,3
6300110000000000470305,4
6300110000000000470306,3
6300110000000000470307,3
6300110000000000470308,3
6300110000000000470309,3
6300110000000000470310,3
6300110000000000470311,4
6300110000000000470312,4
6300110000000000470313,4
6300110000000000470314,3
6300110000000000470401,4
6300110000000000470402,4
6300110000000000470403,4
6300110000000000470404,4
6300110000000000470405,4
6300110000000000470406,1
6300110000000000470407,3
6300110000000000470408,
6300110000000000470410,4
6300110000000000470412,4
6300110000000000480102,2
6300110000000000480103,1
6300110000000000480104,3
6300110000000000480109,3
6300110000000000480115,3
6300110000000000480117,3
6300110000000000480118,1
6300110000000000480121,1
6300110000000000480122,2
6300110000000000480124,3
6300110000000000480125,1
6300110000000000480126,1
6300110000000000500102,5
6300110000000000500103,1
6300110000000000500104,1
6300110000000000500105,1
6300110000000000500107,4
6300110000000000500119,2
6300110000000000500122,1
6300110000000000500127,1
6300110000000000500128,1
6300110000000000500132,1
6300110000000000500133,1
6300110000000000500134,1
6300110000000000500136,1
6300110000000000500139,2
6300110000000000500141,1
6300110000000000500143,1
6300110000000000500144,1
6300110000000000500145,1
6300110000000000500206,3
6300110000000000500212,1
6300110000000000500218,1
6300110000000000500238,1
6300110000000000500239,1
6300110000000000500241,1
6300110000000000500242,1
6300110000000000500243,3
6300110000000000500244,1
6300110000000000500245,1
6300110000000000500246,2
6300110000000000500247,1
6300110000000000510101,
6300110000000000510105,3
6300110000000000510109,2
6300110000000000510114,2
6300110000000000510115,3
6300110000000000520101,3
6300110000000000520102,2
6300110000000000520103,2
6300110000000000520104,3
6300110000000000520105,3
6300110000000000520108,2
6300110000000000520110,2
6300110000000000520112,2
6300110000000000520113,2
6300110000000000520114,1
6300110000000000520115,
6300110000000000530101,4
6300110000000000530102,4
6300110000000000530103,4
6300110000000000530104,4
6300110000000000530105,4
6300110000000000530106,3
6300110000000000530107,4
6300110000000000530108,4
6300110000000000530109,3
6300110000000000530110,1
6300110000000000530201,4
6300110000000000530203,5
6300110000000000530204,4
6300110000000000530205,4
6300110000000000530206,
6300110000000000530207,4
6300110000000000530208,3
6300110000000000530209,4
6300110000000000530210,4
6300110000000000540101,4
6300110000000000540102,
6300110000000000540103,4
6300110000000000540104,4
6300110000000000540105,4
6300110000000000540106,3
6300110000000000540107,3
6300110000000000540108,3
6300110000000000540109,3
6300110000000000540110,4
6300110000000000540111,4
6300110000000000540112,5
6300110000000000540202,5
6300110000000000540203,4
6300110000000000540204,5
6300110000000000540205,4
6300110000000000550101,3
6300110000000000550102,3
6300110000000000550103,3
6300110000000000550104,3
6300110000000000550105,3
6300110000000000550106,3
6300110000000000550107,3
6300110000000000550108,2
6300110000000000550109,3
6300110000000000550110,3
6300110000000000560101,3
6300110000000000560102,3
6300110000000000560103,3
6300110000000000560104,4
6300110000000000560105,4
6300110000000000560106,3
6300110000000000560107,1
6300110000000000560108,1
6300110000000000560110,3
6300110000000000560112,1
6300110000000000560113,4
6300110000000000560114,1
6300110000000000560115,2
6300110000000000560117,1
6300110000000000560118,3
6300110000000000560119,3
6300110000000000560201,1
6300110000000000560202,1
6300110000000000560203,1
6300110000000000560207,1
6300110000000000560208,1
6300110000000000560209,1
6300110000000000560210,1
6300110000000000560212,3
6300110000000000560213,2
6300110000000000560214,1
6300110000000000560216,1
6300110000000000560217,1
6300110000000000560218,1
6300110000000000560219,4
6300110000000000560301,3
6300110000000000560302,3
6300110000000000560303,3
6300110000000000560304,3
6300110000000000560305,3
6300110000000000560306,3
6300110000000000570101,3
6300110000000000570102,3
6300110000000000570103,3
6300110000000000570104,3
6300110000000000570105,3
6300110000000000570106,3
6300110000000000570107,3
6300110000000000570108,3
6300110000000000570109,3
6300110000000000570110,3
6300110000000000570111,3
6300110000000000570112,3
6300110000000000570113,3
6300110000000000570201,3
6300110000000000570204,3
6300110000000000570207,3
6300110000000000570208,3
6300110000000000570209,3
6300110000000000570210,3
6300110000000000570211,
6300110000000000570212,4
6300110000000000570214,4
6300110000000000570215,3
6300110000000000570301,3
6300110000000000570303,3
6300110000000000570304,3
6300110000000000570306,3
6300110000000000570307,3
6300110000000000570310,4
6300110000000000570312,2
6300110000000000570316,3
6300110000000000570317,1
6300110000000000570318,1
6300110000000000570324,3
6300110000000000570325,1
6300110000000000570326,4
6300110000000000570327,3
6300110000000000570328,3
6300110000000000580107,2
6300110000000000580109,3
6300110000000000580111,3
6300110000000000580112,3
6300110000000000580113,3
6300110000000000580116,3
6300110000000000580117,3
6300110000000000580118,3
6300110000000000580120,3
6300110000000000580121,3
6300110000000000580122,
6300110000000000580123,2
6300110000000000580124,1
6300110000000000580125,2
6300110000000000580129,3
6300110000000000580130,1
6300110000000000580131,2
6300110000000000580133,3
6300110000000000580134,4
6300110000000000580135,1
6300110000000000580136,3
6300110000000000580137,1
6300110000000000580138,2
6300110000000000580140,3
6300110000000000590104,5
6300110000000000590105,5
6300110000000000590106,5
6300110000000000590108,5
6300110000000000590109,5
6300110000000000590110,5
6300110000000000590111,5
6300110000000000590115,5
6300110000000000590123,5
6300110000000000590125,5
6300110000000000590126,5
6300110000000000590127,5
6300110000000000590128,5
6300110000000000590129,5
6300110000000000590130,5
6300110000000000590131,5
6300110000000000590132,5
6300110000000000590133,5
6300110000000000590134,5
6300110000000000590202,5
6300110000000000590219,4
6300110000000000590222,5
6300110000000000590223,5
6300110000000000590224,5
6300110000000000590225,6
6300110000000000590226,6
6300110000000000590227,4
6300110000000000590228,5
6300110000000000590229,5
6300110000000000590230,5
6300110000000000590231,5
6300110000000000590232,5
6300110000000000590235,4
6300110000000000590236,5
6300110000000000590237,5
6300110000000000590238,4
6300110000000000590239,5
6300110000000000590240,5
6300110000000000590241,5
6300110000000000590243,5
6300110000000000590244,5
6300110000000000590245,5
6300110000000000600103,5
6300110000000000600104,5
6300110000000000600106,5
6300110000000000600107,5
6300110000000000600108,6
6300110000000000600109,5
6300110000000000600110,6
6300110000000000600202,5
6300110000000000600206,5
6300110000000000600209,
6300110000000000600214,5
6300110000000000600223,4
6300110000000000600229,4
6300110000000000600232,4
6300110000000000600234,5
6300110000000000600235,5
6300110000000000600236,5
6300110000000000600237,5
6300110000000000600238,5
6300110000000000600239,5
6300110000000000600240,5
6300110000000000600241,5
6300110000000000600242,5
6300110000000000600243,6
6300110000000000600244,5
6300110000000000600245,5
6300110000000000600246,5
6300110000000000600249,5
6300110000000000600250,5
6300110000000000600251,5
6300110000000000600252,2
6300110000000000600254,4
6300110000000000600255,3
6300110000000000600256,5
6300110000000000600257,5
6300110000000000600258,5
6300110000000000600259,5
6300110000000000600261,4
6300110000000000600262,
6300110000000000600263,4
6300110000000000600264,4
6300110000000000610112,1
6300110000000000610113,
6300110000000000610114,4
6300110000000000610115,1
6300110000000000610116,6
6300110000000000610208,4
6300110000000000610209,4
6300110000000000610213,4
6300110000000000610214,4
6300110000000000610215,
6300110000000000610216,1
6300110000000000610218,2
6300110000000000610222,4
6300110000000000610223,1
6300110000000000610225,4
6300110000000000610228,4
6300110000000000610229,1
6300110000000000610230,4
6300110000000000610231,4
6300110000000000610232,
6300110000000000610306,4
6300110000000000610307,4
6300110000000000610315,4
6300110000000000610319,4
6300110000000000610320,4
6300110000000000610321,5
6300110000000000610322,5
6300110000000000610323,4
6300110000000000610324,5
6300110000000000610325,5
6300110000000000610327,4
6300110000000000610329,5
6300110000000000610332,4
6300110000000000610333,4
6300110000000000610334,5
6300110000000000610335,5
6300110000000000610336,5
6300110000000000610337,4
6300110000000000610338,5
6300110000000000610339,4
6300110000000000610340,4
6300110000000000610341,4
6300110000000000610342,5
6300110000000000610344,3
6300110000000000610345,4
6300110000000000610347,4
6300110000000000610405,1
6300110000000000610406,1
6300110000000000610408,1
6300110000000000610409,1
6300110000000000610410,1
6300110000000000610415,1
6300110000000000610416,1
6300110000000000610417,1
6300110000000000610421,1
6300110000000000610422,1
6300110000000000610423,1
6300110000000000610425,1
6300110000000000610428,1
6300110000000000610429,1
6300110000000000610431,1
6300110000000000610433,1
6300110000000000610436,1
6300110000000000610439,2
6300110000000000610440,3
6300110000000000610442,1
6300110000000000610443,3
6300110000000000610444,
6300110000000000610501,1
6300110000000000610504,5
6300110000000000610505,5
6300110000000000610511,4
6300110000000000610512,1
6300110000000000610513,
6300110000000000610519,5
6300110000000000610521,4
6300110000000000610523,4
6300110000000000610529,4
6300110000000000610531,5
6300110000000000610532,4
6300110000000000610533,5
6300110000000000610534,6
6300110000000000610537,3
6300110000000000610540,4
6300110000000000610542,3
6300110000000000610546,
6300110000000000620101,4
6300110000000000620102,4
6300110000000000620103,4
6300110000000000620104,4
6300110000000000620105,4
6300110000000000620106,4
6300110000000000620110,4
6300110000000000620111,4
6300110000000000620114,1
6300110000000000620115,4
6300110000000000620116,5
6300110000000000630101,4
6300110000000000630102,4
6300110000000000630103,4
6300110000000000630104,4
6300110000000000630105,3
6300110000000000630106,3
6300110000000000630107,4
6300110000000000630108,2
6300110000000000630109,
6300110000000000640103,4
6300110000000000640104,4
6300110000000000640105,
6300110000000000640107,4
6300110000000000640112,5
6300110000000000640132,5
6300110000000000640136,1
6300110000000000640140,4
6300110000000000640141,5
6300110000000000640142,5
6300110000000000640143,5
6300110000000000640146,
6300110000000000650102,5
6300110000000000650105,5
6300110000000000650106,5
6300110000000000650108,5
6300110000000000650110,5
6300110000000000650117,5
6300110000000000650130,5
6300110000000000650133,5
6300110000000000650134,5
6300110000000000650135,5
6300110000000000650136,5
6300110000000000650137,5
6300110000000000650138,6
6300110000000000650140,6
6300110000000000650141,6
6300110000000000650142,5
6300110000000000650143,6
6300110000000000650144,5
6300110000000000650145,4
6300110000000000650146,
6300110000000000650147,5
6300110000000000650151,5
6300110000000000660104,5
6300110000000000660105,5
6300110000000000660106,5
6300110000000000660107,5
6300110000000000660108,5
6300110000000000660109,
6300110000000000660110,5
6300110000000000660111,5
6300110000000000660112,
6300110000000000670101,4
6300110000000000670102,1
6300110000000000670103,1
6300110000000000670106,2
6300110000000000670108,2
6300110000000000670110,3
6300110000000000670111,4
6300110000000000670112,5
6300110000000000670114,4
6300110000000000670128,5
6300110000000000670129,1
6300110000000000670130,1
6300110000000000670131,1
6300110000000000670133,5
6300110000000000670135,5
6300110000000000670136,4
6300110000000000670137,4
6300110000000000680104,5
6300110000000000680105,5
6300110000000000680107,5
6300110000000000680108,5
6300110000000000680112,5
6300110000000000680114,5
6300110000000000680115,5
6300110000000000680116,5
6300110000000000680118,5
6300110000000000680119,5
6300110000000000680120,5
6300110000000000680121,5
6300110000000000690101,5
6300110000000000690103,5
6300110000000000690105,5
6300110000000000690107,5
6300110000000000690108,
6300110000000000690110,5
6300110000000000690111,4
6300110000000000690112,5
6300110000000000690113,5
6300110000000000690114,4
6300110000000000690115,4
6300110000000000690116,4
6300110000000000690118,5
6300110000000000700203,4
6300110000000000700416,5
6300110000000000700419,5
6300110000000000700420,5
6300110000000000700421,5
6300110000000000700422,5
6300110000000000700423,4
6300110000000000700424,4
6300110000000000700425,5
6300110000000000700426,4
6300110000000000700427,5
6300110000000000700513,4
6300110000000000700514,4
6300110000000000700603,5
6300110000000000700605,5
6300110000000000700620,5
6300110000000000700627,5
6300110000000000700628,3
6300110000000000700629,5
6300110000000000700631,4
6300110000000000700632,
6300110000000000700633,3
6300110000000000700640,5
6300110000000000700641,4
6300110000000000700642,5
6300110000000000700643,5
6300110000000000710104,5
6300110000000000710105,5
6300110000000000710106,5
6300110000000000710113,6
6300110000000000710114,5
6300110000000000710139,5
6300110000000000710140,5
6300110000000000710141,5
6300110000000000710142,5
6300110000000000710143,5
6300110000000000710144,5
6300110000000000710145,5
6300110000000000710146,3
6300110000000000710147,5
6300110000000000710148,5
6300110000000000710149,5
6300110000000000710150,5
6300110000000000710212,5
6300110000000000710213,5
6300110000000000710215,5
6300110000000000710216,4
6300110000000000710217,4
6300110000000000710218,4
6300110000000000710219,5
6300110000000000710220,5
6300110000000000710314,4
6300110000000000710410,4
6300110000000000710601,3
6300110000000000710602,3
6300110000000000710603,3
6300110000000000710604,3
6300110000000000710605,3
6300110000000000710612,3
6300110000000000710613,3
6300110000000000710614,3
6300110000000000710615,3
6300110000000000710617,3
6300110000000000710618,3
6300110000000000710619,3
6300110000000000710620,3
6300110000000000710621,3
6300110000000000710622,3
6300110000000000710623,3
6300110000000000710625,3
6300110000000000710626,3
6300110000000000710627,3
6300110000000000710628,3
6300110000000000710629,3
6300110000000000710633,4
6300110000000000710636,4
6300110000000000710637,3
6300110000000000710638,3
6300110000000000710639,3
6300110000000000710641,4
6300110000000000710642,3
6300110000000000710644,3
6300110000000000710645,3
6300110000000000710646,3
6300110000000000710647,4
6300110000000000720102,3
6300110000000000720103,3
6300110000000000720104,3
6300110000000000720105,3
6300110000000000720106,3
6300110000000000720107,3
6300110000000000720108,3
6300110000000000720207,
6300110000000000720211,1
6300110000000000720216,3
6300110000000000720217,4
6300110000000000720226,3
6300110000000000720227,3
6300110000000000720228,1
6300110000000000720233,3
6300110000000000720234,3
6300110000000000720237,2
6300110000000000720238,1
6300110000000000720239,2
6300110000000000720240,1
6300110000000000720242,3
6300110000000000720243,5
6300110000000000720244,5
6300110000000000720245,5
6300110000000000720246,5
6300110000000000720247,4
6300110000000000720302,2
6300110000000000720303,3
6300110000000000720304,3
6300110000000000720305,3
6300110000000000720306,3
6300110000000000720307,3
6300110000000000720308,3
6300110000000000720310,2
6300110000000000720311,2
6300110000000000720312,2
6300110000000000720313,2
6300110000000000720314,3
6300110000000000720315,3
6300110000000000720316,3
6300110000000000720317,3
6300110000000000720318,3
6300110000000000720319,3
6300110000000000720320,2
6300110000000000720321,2
6300110000000000720322,2
6300110000000000720323,2
6300110000000000720324,2
6300110000000000720325,2
6300110000000000720326,2
6300110000000000720328,2
6300110000000000720329,2
6300110000000000720401,
6300110000000000720403,2
6300110000000000720405,
6300110000000000720406,4
6300110000000000720410,4
6300110000000000720414,
6300110000000000730102,5
6300110000000000730104,5
6300110000000000730105,6
6300110000000000730106,6
6300110000000000730107,6
6300110000000000730108,6
6300110000000000730109,6
6300110000000000730110,6
6300110000000000730111,6
6300110000000000730112,6
6300110000000000730115,6
6300110000000000730117,6
6300110000000000730118,5
6300110000000000750101,3
6300110000000000750102,3
6300110000000000750103,3
6300110000000000750104,3
6300110000000000750105,3
6300110000000000750106,
6300110000000000750201,2
6300110000000000750202,2
6300110000000000750203,2
6300110000000000750205,2
6300110000000000750207,1
6300110000000000750208,1
6300110000000000750209,1
6300110000000000750210,2
6300110000000000750211,2
6300110000000000750212,2
6300110000000000750213,2
6300110000000000750217,1
6300110000000000750218,1
6300110000000000750219,1
6300110000000000750220,1
6300110000000000750221,1
6300110000000000750222,1
6300110000000000750223,2
6300110000000000750224,2
6300110000000000750225,2
6300110000000000750226,1
6300110000000000750227,2
6300110000000000750228,2
6300110000000000750229,2
6300110000000000750230,2
6300110000000000750231,2
6300110000000000750232,1
6300110000000000750233,2
6300110000000000750301,1
6300110000000000750304,3
6300110000000000750305,3
6300110000000000750306,3
6300110000000000750307,3
6300110000000000750308,3
6300110000000000750310,3
6300110000000000750311,3
6300110000000000750312,3
6300110000000000750313,3
6300110000000000750314,3
6300110000000000750315,3
6300110000000000750317,2
6300110000000000750318,3
6300110000000000750319,3
6300110000000000750320,3
6300110000000000750401,1
6300110000000000750402,1
6300110000000000750403,1
6300110000000000750404,1
6300110000000000750405,1
6300110000000000750406,1
6300110000000000750407,1
6300110000000000750408,1
6300110000000000750409,1
6300110000000000750410,1
6300110000000000750411,1
6300110000000000750412,1
6300110000000000750413,1
6300110000000000750416,1
6300110000000000750417,2
6300110000000000750418,2
6300110000000000750419,1
6300110000000000750421,2
6300110000000000750422,3
6300110000000000750423,1
6300110000000000750424,1
6300110000000000750425,1
6300110000000000750426,1
6300110000000000750501,1
6300110000000000750502,1
6300110000000000750503,1
6300110000000000750504,1
6300110000000000750505,1
6300110000000000750506,1
6300110000000000750507,3
6300110000000000750508,1
6300110000000000750509,1
6300110000000000750510,1
6300110000000000750511,2
6300110000000000750512,3
6300110000000000750513,3
6300110000000000750514,3
6300110000000000750515,3
6300110000000000750516,3
6300110000000000750517,3
6300110000000000750518,2
6300110000000000750519,1
6300110000000000750701,3
6300110000000000750702,3
6300110000000000750703,3
6300110000000000750704,3
6300110000000000750705,3
6300110000000000750707,3
6300110000000000750708,3
6300110000000000750709,3
6300110000000000750710,3
6300110000000000750711,3
6300110000000000750712,3
6300110000000000750713,3
6300110000000000750714,3
6300110000000000750715,3
6300110000000000750716,3
6300110000000000750717,3
6300110000000000750718,3
6300110000000000750719,3
6300110000000000750720,3
6300110000000000750721,3
6300110000000000750735,3
6300110000000000750736,2
6300110000000000750737,2
6300110000000000750738,2
6300110000000000750739,2
6300110000000000750740,2
6300110000000000750741,2
6300110000000000750743,3
6300110000000000750744,3
6300110000000000750745,
6300110000000000750802,3
6300110000000000750803,1
6300110000000000750804,1
6300110000000000750805,1
6300110000000000750806,1
6300110000000000750808,3
6300110000000000750809,3
6300110000000000750810,3
6300110000000000750816,3
6300110000000000750817,3
6300110000000000750818,3
6300110000000000750819,3
6300110000000000750820,2
6300110000000000750821,2
6300110000000000750822,2
6300110000000000750823,2
6300110000000000750901,3
6300110000000000750902,2
6300110000000000750903,2
6300110000000000750904,2
6300110000000000750905,2
6300110000000000750907,2
6300110000000000750908,3
6300110000000000750909,3
6300110000000000750910,3
6300110000000000750911,3
6300110000000000750912,3
6300110000000000750913,3
6300110000000000750914,3
6300110000000000750915,3
6300110000000000750919,1
6300110000000000760102,2
6300110000000000760103,2
6300110000000000760105,2
6300110000000000760106,2
6300110000000000760107,2
6300110000000000760108,2
6300110000000000760109,2
6300110000000000760110,2
6300110000000000760111,2
6300110000000000760112,2
6300110000000000760113,2
6300110000000000760114,2
6300110000000000760115,2
6300110000000000760201,2
6300110000000000760202,2
6300110000000000760203,2
6300110000000000760204,2
6300110000000000760205,
6300110000000000760206,2
6300110000000000760207,2
6300110000000000760208,2
6300110000000000760209,2
6300110000000000760301,1
6300110000000000760302,1
6300110000000000760303,1
6300110000000000760304,1
6300110000000000760305,1
6300110000000000760306,1
6300110000000000760307,1
6300110000000000760308,1
6300110000000000760309,1
6300110000000000760310,1
6300110000000000760311,1
6300110000000000760312,1
6300110000000000760313,1
6300110000000000760314,1
6300110000000000760318,1
6300110000000000760403,1
6300110000000000760404,1
6300110000000000760405,1
6300110000000000760406,1
6300110000000000760407,1
6300110000000000760408,1
6300110000000000760409,1
6300110000000000760410,1
6300110000000000760411,1
6300110000000000760413,1
6300110000000000760414,1
6300110000000000760415,1
6300110000000000760416,1
6300110000000000760417,1
6300110000000000760418,1
6300110000000000760419,1
6300110000000000760420,1
6300110000000000760421,1
6300110000000000760422,1
6300110000000000760423,1
6300110000000000760424,1
6300110000000000760425,1
6300110000000000760501,1
6300110000000000760502,1
6300110000000000760504,1
6300110000000000760505,1
6300110000000000760506,1
6300110000000000760507,1
6300110000000000760508,1
6300110000000000760509,1
6300110000000000760510,1
6300110000000000760511,1
6300110000000000760512,1
6300110000000000760513,1
6300110000000000760514,1
6300110000000000760515,
6300110000000000760517,1
6300110000000000760518,1
6300110000000000760519,1
6300110000000000760520,1
6300110000000000760521,1
6300110000000000760601,1
6300110000000000760602,1
6300110000000000760603,1
6300110000000000760604,1
6300110000000000760605,1
6300110000000000760606,
6300110000000000760607,1
6300110000000000760608,1
6300110000000000760611,1
6300110000000000760613,1
6300110000000000760614,
6300110000000000760615,1
6300110000000000760616,1
6300110000000000760619,
6300110000000000770101,1
6300110000000000770102,1
6300110000000000770103,1
6300110000000000770104,1
6300110000000000770105,1
6300110000000000770106,1
6300110000000000770107,1
6300110000000000770108,1
6300110000000000770109,1
6300110000000000770110,1
6300110000000000770111,1
6300110000000000770112,1
6300110000000000770113,1
6300110000000000770114,1
6300110000000000770115,1
6300110000000000770116,1
6300110000000000770117,1
6300110000000000770118,1
6300110000000000770119,1
6300110000000000770120,1
6300110000000000770121,1
6300110000000000770202,1
6300110000000000770203,1
6300110000000000770204,1
6300110000000000770205,1
6300110000000000770206,1
6300110000000000770301,1
6300110000000000770302,
6300110000000000770304,1
6300110000000000780101,2
6300110000000000780102,2
6300110000000000780103,2
6300110000000000780104,2
6300110000000000780109,3
6300110000000000780110,2
6300110000000000780113,2
6300110000000000780116,2
6300110000000000780120,2
6300110000000000780121,2
6300110000000000780122,2
6300110000000000780123,2
6300110000000000780127,2
6300110000000000780128,2
6300110000000000780129,2
6300110000000000780204,2
6300110000000000780205,2
6300110000000000780206,3
6300110000000000780207,2
6300110000000000780209,3
6300110000000000780211,3
6300110000000000780212,
6300110000000000780213,3
6300110000000000780214,3
6300110000000000780215,3
6300110000000000780216,3
6300110000000000780217,3
6300110000000000780218,3
6300110000000000780219,
6300110000000000780221,2
6300110000000000780222,2
6300110000000000780223,2
6300110000000000780224,2
6300110000000000780229,2
6300110000000000780230,2
6300110000000000780231,3
6300110000000000780232,2
6300110000000000780301,2
6300110000000000780302,2
6300110000000000780303,2
6300110000000000780304,2
6300110000000000780305,2
6300110000000000780306,2
6300110000000000780307,2
6300110000000000780308,2
6300110000000000780309,2
6300110000000000780310,2
6300110000000000780311,2
6300110000000000780312,2
6300110000000000780313,2
6300110000000000780314,
6300110000000000780315,2
6300110000000000780316,2
6300110000000000780317,2
6300110000000000780318,2
6300110000000000780319,2
6300110000000000780320,2
6300110000000000780404,2
6300110000000000780405,2
6300110000000000780406,2
6300110000000000780407,2
6300110000000000780408,2
6300110000000000780409,2
6300110000000000780410,2
6300110000000000780411,2
6300110000000000780413,2
6300110000000000780414,2
6300110000000000780415,3
6300110000000000780418,2
6300110000000000780420,
6300110000000000780421,2
6300110000000000780501,2
6300110000000000780502,2
6300110000000000780503,2
6300110000000000780504,2
6300110000000000780505,2
6300110000000000780506,2
6300110000000000780507,2
6300110000000000780508,2
6300110000000000780512,2
6300110000000000780513,2
6300110000000000780514,2
6300110000000000780515,2
6300110000000000780516,2
6300110000000000780517,2
6300110000000000780518,2
6300110000000000780519,2
6300110000000000780520,2
6300110000000000780523,2
6300110000000000780601,2
6300110000000000780603,2
6300110000000000780604,2
6300110000000000780605,2
6300110000000000780606,2
6300110000000000780607,2
6300110000000000780608,2
6300110000000000780609,2
6300110000000000780610,2
6300110000000000780611,2
6300110000000000780612,2
6300110000000000780613,2
6300110000000000780614,2
6300110000000000780615,2
6300110000000000780616,2
6300110000000000780617,2
6300110000000000780619,2
6300110000000000780620,2
6300110000000000790101,3
6300110000000000790102,5
6300110000000000790202,3
